content,time,title,url
Dcard註冊登入全部分類看板感情女孩美妝追星穿搭男孩有趣汽機車彩虹靈異星座美食寵物手作時事閒聊心情電影戲劇綜藝音樂動漫遊戲寶可夢攝影3C工作運動旅遊書籍語言留學詩文考試課程西斯Dcard廢文校園看板臺灣大學政治大學交通大學淡江大學東華大學成功大學北科大輔仁大學師範大學高雄師範大學彰化師範大學中央大學逢甲大學清華大學暨南大學東海大學高雄第一科大台科大中興大學元智大學聯合大學海洋大學中山大學臺北大學中央警察大學中正大學實踐大學陽明大學臺灣藝術大學世新大學臺北教育大學臺北藝術大學臺北市立大學文化大學東吳大學嘉義大學高雄大學中科大國北護義守大學長庚大學臺北醫學大學中原大學中山醫學大學文藻外語大學高應大長庚科大勤益科大銘傳大學宜蘭大學虎尾科大新竹教育大學大同大學臺北商業大學臺中教育大學屏東大學靜宜大學高雄海洋科大朝陽科大國防大學南臺科大高雄餐旅大學中國醫藥大學長榮大學屏科大明志科大亞洲大學健行科大樹德科技大學真理大學嘉南藥理大學高雄醫學大學明新科技大學臺東大學台南應用科大金門大學大葉大學南華大學嶺東科大輔英科技大學中國科大慈濟科技大學慈濟大學致理科技大學開南大學弘光科技大學臺南大學中華大學德明財經科大景文科大龍華科技大學國立雲林科技大學正修科大遠東科大吳鳳科大中臺科大國立澎湖科技大學崑山科大中華醫事科技大學臺灣體育運動大學僑光科技大學醒吾科技大學環球科技大學華梵大學佛光大學萬能科大亞東技術學院經國管理暨健康學院建國科大東南科大南開科大聖約翰科大明道大學美和科大臺南藝術大學康寧大學育達科大高苑科大中華科大元培醫事科大國立體育大學大仁科大台灣首府大學玄奘大學南榮科大中州科大華夏科大修平科大大華科大臺北城市科大馬偕醫學院德霖技術學院台北海洋技術學院南亞技術學院臺灣戲曲學院黎明技術學院稻江科技暨管理學院和春技術學院法鼓文理學院亞太創意技術學院臺灣觀光學院大漢技術學院蘭陽技術學院崇右技術學院東方設計學院大同技術學院聖母醫護管理專科學校康寧醫護暨管理專科學校耕莘健康管理專科學校國立臺南護理專科學校新生醫護管理專科學校高美醫護管理專科學校仁德醫護管理專科學校崇仁醫護管理專科學校馬偕醫護管理專科學校敏惠醫護管理專科學校樹人醫護管理專科學校育英醫護管理專科學校慈惠醫護管理專科學校國防醫學院中華民國陸軍專科學校臺灣警察專科學校國立勤益科技大學時事為了幫你 做回自己我退讚#討論5月29日 15:24喜歡 1回應 2收藏文章追蹤文章回文共 2 則回應ErealtwB15月29日 16:430大大也想崛起當網紅嗎國立臺北大學B25月29日 18:140低能屁孩何須理會馬上回應搶第 3 樓...120服務條款常見問題問題回報徵才商業合作,5月29日 15:24,Dcard,https://www.dcard.tw/f/trending/p/226497353-%E7%82%BA%E4%BA%86%E5%B9%AB%E4%BD%A0-%E5%81%9A%E5%9B%9E%E8%87%AA%E5%B7%B1%E6%88%91%E9%80%80%E8%AE%9A%EF%BC%83%E8%A8%8E%E8%AB%96
Dcard註冊登入全部分類看板感情女孩美妝追星穿搭男孩有趣汽機車彩虹靈異星座美食寵物手作時事閒聊心情電影戲劇綜藝音樂動漫遊戲寶可夢攝影3C工作運動旅遊書籍語言留學詩文考試課程西斯Dcard廢文校園看板臺灣大學政治大學交通大學淡江大學東華大學成功大學北科大輔仁大學師範大學高雄師範大學彰化師範大學中央大學逢甲大學清華大學暨南大學東海大學高雄第一科大台科大中興大學元智大學聯合大學海洋大學中山大學臺北大學中央警察大學中正大學實踐大學陽明大學臺灣藝術大學世新大學臺北教育大學臺北藝術大學臺北市立大學文化大學東吳大學嘉義大學高雄大學中科大國北護義守大學長庚大學臺北醫學大學中原大學中山醫學大學文藻外語大學高應大長庚科大勤益科大銘傳大學宜蘭大學虎尾科大新竹教育大學大同大學臺北商業大學臺中教育大學屏東大學靜宜大學高雄海洋科大朝陽科大國防大學南臺科大高雄餐旅大學中國醫藥大學長榮大學屏科大明志科大亞洲大學健行科大樹德科技大學真理大學嘉南藥理大學高雄醫學大學明新科技大學臺東大學台南應用科大金門大學大葉大學南華大學嶺東科大輔英科技大學中國科大慈濟科技大學慈濟大學致理科技大學開南大學弘光科技大學臺南大學中華大學德明財經科大景文科大龍華科技大學國立雲林科技大學正修科大遠東科大吳鳳科大中臺科大國立澎湖科技大學崑山科大中華醫事科技大學臺灣體育運動大學僑光科技大學醒吾科技大學環球科技大學華梵大學佛光大學萬能科大亞東技術學院經國管理暨健康學院建國科大東南科大南開科大聖約翰科大明道大學美和科大臺南藝術大學康寧大學育達科大高苑科大中華科大元培醫事科大國立體育大學大仁科大台灣首府大學玄奘大學南榮科大中州科大華夏科大修平科大大華科大臺北城市科大馬偕醫學院德霖技術學院台北海洋技術學院南亞技術學院臺灣戲曲學院黎明技術學院稻江科技暨管理學院和春技術學院法鼓文理學院亞太創意技術學院臺灣觀光學院大漢技術學院蘭陽技術學院崇右技術學院東方設計學院大同技術學院聖母醫護管理專科學校康寧醫護暨管理專科學校耕莘健康管理專科學校國立臺南護理專科學校新生醫護管理專科學校高美醫護管理專科學校仁德醫護管理專科學校崇仁醫護管理專科學校馬偕醫護管理專科學校敏惠醫護管理專科學校樹人醫護管理專科學校育英醫護管理專科學校慈惠醫護管理專科學校國防醫學院中華民國陸軍專科學校臺灣警察專科學校勤益科大時事#討論 我要說一個慘遭冤枉的故事5月29日 19:21我是鬼阿莫，我要說一個穿越時空的故事1941年11月7日珍珠港事件，美國未卜先知1941年4月搶先在坊之岬擊沉1941年12月服役的大和號戰艦原來日本才是受害者！日本攻擊珍珠港只是對於美軍擊沉大和號的報復，日本的反擊天經地義！感謝我國 曾淼泓 陸軍備役上校還日本一個歷史公道！#社論 自由廣場》海上鐵棺材vs. F-35http://talk.ltn.com.tw/article/paper/1098987（作者為電機博士、陸軍備役上校，曾任職國防部計次室兵力規劃）而且文中推論，作者認為大和號與俾斯麥號為同一年沉沒，因此這絕對不是把1941改成1945就能解決的問題我國軍官這種常識水準真的沒問題嗎?喜歡 0回應 1收藏文章追蹤文章回文共 1 則回應輔英科技大學B15月29日 20:390你沒有軍官朋友？還是沒遇過教官？怎麼會來問常識、水準這種事情……馬上回應搶第 2 樓...010服務條款常見問題問題回報徵才商業合作,5月29日 19:21,Dcard,https://www.dcard.tw/f/trending/p/226499113-%EF%BC%83%E8%A8%8E%E8%AB%96-%E6%88%91%E8%A6%81%E8%AA%AA%E4%B8%80%E5%80%8B%E6%85%98%E9%81%AD%E5%86%A4%E6%9E%89%E7%9A%84%E6%95%85%E4%BA%8B
"Dcard註冊登入全部分類看板感情女孩美妝追星穿搭男孩有趣汽機車彩虹靈異星座美食寵物手作時事閒聊心情電影戲劇綜藝音樂動漫遊戲寶可夢攝影3C工作運動旅遊書籍語言留學詩文考試課程西斯Dcard廢文校園看板臺灣大學政治大學交通大學淡江大學東華大學成功大學北科大輔仁大學師範大學高雄師範大學彰化師範大學中央大學逢甲大學清華大學暨南大學東海大學高雄第一科大台科大中興大學元智大學聯合大學海洋大學中山大學臺北大學中央警察大學中正大學實踐大學陽明大學臺灣藝術大學世新大學臺北教育大學臺北藝術大學臺北市立大學文化大學東吳大學嘉義大學高雄大學中科大國北護義守大學長庚大學臺北醫學大學中原大學中山醫學大學文藻外語大學高應大長庚科大勤益科大銘傳大學宜蘭大學虎尾科大新竹教育大學大同大學臺北商業大學臺中教育大學屏東大學靜宜大學高雄海洋科大朝陽科大國防大學南臺科大高雄餐旅大學中國醫藥大學長榮大學屏科大明志科大亞洲大學健行科大樹德科技大學真理大學嘉南藥理大學高雄醫學大學明新科技大學臺東大學台南應用科大金門大學大葉大學南華大學嶺東科大輔英科技大學中國科大慈濟科技大學慈濟大學致理科技大學開南大學弘光科技大學臺南大學中華大學德明財經科大景文科大龍華科技大學國立雲林科技大學正修科大遠東科大吳鳳科大中臺科大國立澎湖科技大學崑山科大中華醫事科技大學臺灣體育運動大學僑光科技大學醒吾科技大學環球科技大學華梵大學佛光大學萬能科大亞東技術學院經國管理暨健康學院建國科大東南科大南開科大聖約翰科大明道大學美和科大臺南藝術大學康寧大學育達科大高苑科大中華科大元培醫事科大國立體育大學大仁科大台灣首府大學玄奘大學南榮科大中州科大華夏科大修平科大大華科大臺北城市科大馬偕醫學院德霖技術學院台北海洋技術學院南亞技術學院臺灣戲曲學院黎明技術學院稻江科技暨管理學院和春技術學院法鼓文理學院亞太創意技術學院臺灣觀光學院大漢技術學院蘭陽技術學院崇右技術學院東方設計學院大同技術學院聖母醫護管理專科學校康寧醫護暨管理專科學校耕莘健康管理專科學校國立臺南護理專科學校新生醫護管理專科學校高美醫護管理專科學校仁德醫護管理專科學校崇仁醫護管理專科學校馬偕醫護管理專科學校敏惠醫護管理專科學校樹人醫護管理專科學校育英醫護管理專科學校慈惠醫護管理專科學校國防醫學院中華民國陸軍專科學校臺灣警察專科學校客服小天使  時事#公告 標題加上 #分類 並請詳閱相關版規6月13日 17:29為了讓後續逛版的人方便閱讀查找， 請於標題加上分類讓大家方便搜尋！！ 如  #新聞、 #社論、 #FB、 #爆料  *新聞來源網址要在文章一開始附上 *不得修改新聞標題，內文需全文貼上 不能只有一串網址*每人每天限發兩篇時事文  *發文回應請尊重他人發言   若無在標題做分類之文章請幫我們按下檢舉“標題未分類” 請不要亂選選錯檢舉選項！！若有檢舉久久未刪之未做分類文章請feedback告知 謝謝大家幫忙！喜歡 107回應 55收藏文章追蹤文章回文熱門回應國立中興大學 歷史學系B106月14日 00:0755每人每天限發兩篇時事文  每人每天限發兩篇時事文  每人每天限發兩篇時事文  每人每天限發兩篇時事文  每人每天限發兩篇時事文聯合大學B236月15日 06:3223為台北大學感到遺憾國立中興大學 歷史學系B166月14日 10:4421回覆 b15，你可以看看時事版以前的文章。另外你可以看看dcard版，也有好幾篇針對時事版問題的文章。共 55 則回應逢甲大學B16月13日 17:322頭香臺東大學B26月13日 17:325拉拉拉都是為你謝謝小天使----------------------------------樓上手好快輔仁大學B36月13日 17:370四連發一個把回應刪除的同學B46月13日 17:39已經刪除的內容就像 Dcard 一樣，錯過是無法再相見的！逢甲大學B56月13日 17:450樓上??????北科大B66月13日 17:491B4 雖然那些資訊是可以搜尋的到的不過這樣公開真的不太好吧.....一個把回應刪除的同學B76月13日 17:55已經刪除的內容就像 Dcard 一樣，錯過是無法再相見的！文藻外語大學 英國語文系B86月13日 18:010幻想大本營……好貼切文藻外語大學 英國語文系B96月13日 18:050b7 怎麼刪了？@@國立中興大學 歷史學系B106月14日 00:0755每人每天限發兩篇時事文  每人每天限發兩篇時事文  每人每天限發兩篇時事文  每人每天限發兩篇時事文  每人每天限發兩篇時事文中央警察大學B116月14日 00:364終於國立中央大學B126月14日 01:233ㄏㄏ，來看這裡會不會遵守中國人可是沒必要遵守所謂規則的東西呢國立中興大學 歷史學系B136月14日 01:3511如果是每天發超過兩篇時事文章-----以惡意洗版、重複張貼檢舉如果沒有在標題做分類--------------------以其他違規及違法的項目檢舉如果轉載新聞不附內文--------------------以其他違規及違法的項目檢舉如果亂改新聞標題---------------------------以其他違規及違法的項目檢舉如果檢舉後久久未刪-----------------------以feedback告知國立交通大學B146月14日 06:256成大哥要失業了臺北大學 經濟學系B156月14日 07:221為何一天只能發兩篇阿？白癡天使國立中興大學 歷史學系B166月14日 10:4421回覆 b15，你可以看看時事版以前的文章。另外你可以看看dcard版，也有好幾篇針對時事版問題的文章。銘傳大學B176月15日 01:028臺大哥要找副業了文藻外語大學 英國語文系B186月15日 01:356時事板文章根本沒在搜尋的……hashtag幹嘛樹德科技大學B196月15日 02:555B18 而且還是#新聞#fb多少人會搜尋這種關鍵字啦暨南大學B206月15日 03:443之前一堆重複洗版的，等到被刪文也都好幾天後，根本也早就被隱文或無人關心，那些人還是一直在洗。聯合大學B216月15日 05:196看 B15 的智商就知道一般道理講不通人家發新版規就說人家是白癡天使  呵呵一個回應被檢舉的同學B226月15日 06:22這則回應已被 Dcard 用戶檢舉含「中傷、歧視、挑釁或謾罵他人
」的內容。聯合大學B236月15日 06:3223為台北大學感到遺憾一個回應被檢舉的同學B246月23日 13:35這則回應已被 Dcard 用戶檢舉含「中傷、歧視、挑釁或謾罵他人
」的內容。國立中央大學B256月23日 14:564唉呦 海大哥沒錢領不開心了海洋大學B266月23日 15:140唉呦 中原哥領不到1495了還不快找新工作國立中央大學B276月23日 15:460真是的一個1495還要幾十個人分所以我說國民黨真有錢啊海洋大學B286月23日 15:510被民進黨欠了超多500，到現在都不發當初放風聲說出來的500國立中央大學B296月23日 16:043哀呀，我都沒講500您怎就自己說出來啦山西布政司的五千兩在他房裡呦還是找別的工作去吧，海大秋意還是你也想要罷工，ㄏㄏ海洋大學B306月23日 16:180唉呦 海大哥沒錢領不開心了真是的一個1495還要幾十個人分所以我說國民黨真有錢啊---------------------------------------------------來來來，不然你上面的錢是多少，別說是50吧隨便講個金額吧，中原認證的錢喔107550服務條款常見問題問題回報徵才商業合作",6月13日 17:29,Dcard,https://www.dcard.tw/f/trending/p/224192567-%EF%BC%83%E5%85%AC%E5%91%8A-%E6%A8%99%E9%A1%8C%E5%8A%A0%E4%B8%8A-%EF%BC%83%E5%88%86%E9%A1%9E-%E4%B8%A6%E8%AB%8B%E8%A9%B3%E9%96%B1%E7%9B%B8%E9%97%9C%E7%89%88%E8%A6%8F
"Dcard註冊登入全部分類看板感情女孩美妝追星穿搭男孩有趣汽機車彩虹靈異星座美食寵物手作時事閒聊心情電影戲劇綜藝音樂動漫遊戲寶可夢攝影3C工作運動旅遊書籍語言留學詩文考試課程西斯Dcard廢文校園看板臺灣大學政治大學交通大學淡江大學東華大學成功大學北科大輔仁大學師範大學高雄師範大學彰化師範大學中央大學逢甲大學清華大學暨南大學東海大學高雄第一科大台科大中興大學元智大學聯合大學海洋大學中山大學臺北大學中央警察大學中正大學實踐大學陽明大學臺灣藝術大學世新大學臺北教育大學臺北藝術大學臺北市立大學文化大學東吳大學嘉義大學高雄大學中科大國北護義守大學長庚大學臺北醫學大學中原大學中山醫學大學文藻外語大學高應大長庚科大勤益科大銘傳大學宜蘭大學虎尾科大新竹教育大學大同大學臺北商業大學臺中教育大學屏東大學靜宜大學高雄海洋科大朝陽科大國防大學南臺科大高雄餐旅大學中國醫藥大學長榮大學屏科大明志科大亞洲大學健行科大樹德科技大學真理大學嘉南藥理大學高雄醫學大學明新科技大學臺東大學台南應用科大金門大學大葉大學南華大學嶺東科大輔英科技大學中國科大慈濟科技大學慈濟大學致理科技大學開南大學弘光科技大學臺南大學中華大學德明財經科大景文科大龍華科技大學國立雲林科技大學正修科大遠東科大吳鳳科大中臺科大國立澎湖科技大學崑山科大中華醫事科技大學臺灣體育運動大學僑光科技大學醒吾科技大學環球科技大學華梵大學佛光大學萬能科大亞東技術學院經國管理暨健康學院建國科大東南科大南開科大聖約翰科大明道大學美和科大臺南藝術大學康寧大學育達科大高苑科大中華科大元培醫事科大國立體育大學大仁科大台灣首府大學玄奘大學南榮科大中州科大華夏科大修平科大大華科大臺北城市科大馬偕醫學院德霖技術學院台北海洋技術學院南亞技術學院臺灣戲曲學院黎明技術學院稻江科技暨管理學院和春技術學院法鼓文理學院亞太創意技術學院臺灣觀光學院大漢技術學院蘭陽技術學院崇右技術學院東方設計學院大同技術學院聖母醫護管理專科學校康寧醫護暨管理專科學校耕莘健康管理專科學校國立臺南護理專科學校新生醫護管理專科學校高美醫護管理專科學校仁德醫護管理專科學校崇仁醫護管理專科學校馬偕醫護管理專科學校敏惠醫護管理專科學校樹人醫護管理專科學校育英醫護管理專科學校慈惠醫護管理專科學校國防醫學院中華民國陸軍專科學校臺灣警察專科學校高雄醫學大學時事#討論 WTF5月29日 03:17無聊google發現,國籍都是外國,貌似華僑就算祖先清朝就移民過去家中祖宗都沒有拿過ROC或PRC的護照通通都可以算是僑生WTF喜歡 1回應 5收藏文章追蹤文章回文共 5 則回應國立清華大學B15月29日 03:307你先學會好好打標題吧朝陽科大B25月29日 03:340他們就是華人就是華僑啊 有什麼問題嗎？ ??明新科技大學B35月29日 03:570馬來西亞有很多華僑國立臺北大學B45月29日 04:201天朝大國世界觀我們都是中國人D愉悅公爵B55月29日 05:201B2 華僑是準中華民國國民的意思政府提供很多優惠華僑的福利代表說你繳的稅金可能會拿去給這些未必認同中華民國的外國人當福利而且理由純粹只是因為血統是華人馬上回應搶第 6 樓...150服務條款常見問題問題回報徵才商業合作",5月29日 03:17,Dcard,https://www.dcard.tw/f/trending/p/226493657-%EF%BC%83%E8%A8%8E%E8%AB%96-WTF
"Dcard註冊登入全部分類看板感情女孩美妝追星穿搭男孩有趣汽機車彩虹靈異星座美食寵物手作時事閒聊心情電影戲劇綜藝音樂動漫遊戲寶可夢攝影3C工作運動旅遊書籍語言留學詩文考試課程西斯Dcard廢文校園看板臺灣大學政治大學交通大學淡江大學東華大學成功大學北科大輔仁大學師範大學高雄師範大學彰化師範大學中央大學逢甲大學清華大學暨南大學東海大學高雄第一科大台科大中興大學元智大學聯合大學海洋大學中山大學臺北大學中央警察大學中正大學實踐大學陽明大學臺灣藝術大學世新大學臺北教育大學臺北藝術大學臺北市立大學文化大學東吳大學嘉義大學高雄大學中科大國北護義守大學長庚大學臺北醫學大學中原大學中山醫學大學文藻外語大學高應大長庚科大勤益科大銘傳大學宜蘭大學虎尾科大新竹教育大學大同大學臺北商業大學臺中教育大學屏東大學靜宜大學高雄海洋科大朝陽科大國防大學南臺科大高雄餐旅大學中國醫藥大學長榮大學屏科大明志科大亞洲大學健行科大樹德科技大學真理大學嘉南藥理大學高雄醫學大學明新科技大學臺東大學台南應用科大金門大學大葉大學南華大學嶺東科大輔英科技大學中國科大慈濟科技大學慈濟大學致理科技大學開南大學弘光科技大學臺南大學中華大學德明財經科大景文科大龍華科技大學國立雲林科技大學正修科大遠東科大吳鳳科大中臺科大國立澎湖科技大學崑山科大中華醫事科技大學臺灣體育運動大學僑光科技大學醒吾科技大學環球科技大學華梵大學佛光大學萬能科大亞東技術學院經國管理暨健康學院建國科大東南科大南開科大聖約翰科大明道大學美和科大臺南藝術大學康寧大學育達科大高苑科大中華科大元培醫事科大國立體育大學大仁科大台灣首府大學玄奘大學南榮科大中州科大華夏科大修平科大大華科大臺北城市科大馬偕醫學院德霖技術學院台北海洋技術學院南亞技術學院臺灣戲曲學院黎明技術學院稻江科技暨管理學院和春技術學院法鼓文理學院亞太創意技術學院臺灣觀光學院大漢技術學院蘭陽技術學院崇右技術學院東方設計學院大同技術學院聖母醫護管理專科學校康寧醫護暨管理專科學校耕莘健康管理專科學校國立臺南護理專科學校新生醫護管理專科學校高美醫護管理專科學校仁德醫護管理專科學校崇仁醫護管理專科學校馬偕醫護管理專科學校敏惠醫護管理專科學校樹人醫護管理專科學校育英醫護管理專科學校慈惠醫護管理專科學校國防醫學院中華民國陸軍專科學校臺灣警察專科學校L以邏輯思考人生@logic_and_life時事#討論 談性別刻板和歧視∼修法5月29日 16:00嗯，最近想很多，先來說說釋憲吧，非常高興成功了，不過還是不希望修改民法典，立專法來的較便捷，也不會破壞原本法律所建構的基礎，為何會這麼說呢？1.同性伴侶可否領養小孩還有待商榷(修法會直接牽扯這類問題)，畢竟收養這件事雖然感覺只要有愛心，應該都可以的，但說實在，年齡有規定，要雙方相差20歲以上，這是為什麼呢？一樣的道理，收養別人固然是有愛才會想去，但問題是小孩那麼小，他∼她真的，能夠不後悔的衡量出，我給同性爸媽收養的未來是好的，還是異性爸媽的未來是好的，很難知道，打著「完全平等」的名號，來做這種類似社會實驗的事情是非常可怕的。2.這理由感覺會引戰，不過我還是要說，「同性戀」本來就是人類總人口中的「少數」群體，我對「不一樣又怎樣」非常認同，畢竟每個人都是獨立的個體，完全一樣…滿恐怖，也很無聊的，這樣對事實的認知，我在歧視嗎？ 換個例子想想看好了，如果有人在你家附近養一頭獅子，你會不會怕怕的，當然會怕，危險呀，即便牠平常看起來，乖巧可愛，但…真的非常難說，搞不好他只是想跟你玩，而咬傷你並非出於吃的目的，沒人餵食的時候，則更難說了(一定有人覺得我在舉什麼爛例子，以下解釋)這能說是對獅子的刻板印象嗎，可以說是吧，按照我們對女生比較會玩洋娃娃的想法邏輯來看，獅子也是以兇猛暴力的形象建立在我們心中，所以跟女孩子以喜歡可愛事物的形象建立在我們心中是一樣的故這些刻板印象是錯誤的嗎，我認為並沒有錯太多，「凡是原則，必有例外」這句話，我認為能解釋一切的刻板印象，因為某一件價值觀深植我們心中，這就是原則，但也不該忘記會有例外，所以像女生都比較會勾心鬥角，男生都會比較颯爽的處理事情一樣，都是社會反覆有此經驗建構而成，這就是原則，但別忘了有例外，有些女生很大辣辣的呀，有些男生可以細心到讓人欽佩。所以當有人說出刻板印象的話，不應該認為他在歧視或者有貶異，而要去諒解，多數的「原則」是如此，但又何嘗沒有「例外」呢回歸正題，我們「同性戀」就是「人類戀愛是以男女為原則」的例外，我不會避開這個問題，所以老實說，要以所謂，「完全平等」的方式，來構築社會，是非常可怕的，原則有原則的處理方式，例外當然該用例外的方式，舉例來說，為何原著民學生能得到優待，有些人一定覺得不公平吧呵呵，我覺得是非常公平唷，因為我們虧欠，理由就是這麼簡單，學過歷史的都知道，原著民和我們這些外來漢人的恩恩怨怨，大多學過的，都是原著民被我們欺負，這樣的日積月累，形成我們種族對這個島嶼的優勢支配，但原生的人並不是我們吧呵呵，不要跟我說最古代他們也可能是移民之類的話，就算是移民，他來的也比你早呀，無主物先佔懂嗎∼所以對此情況我們對於「原則」的漢人，採取一般的教育體制，而對「例外」需彌補的人，採取一些「優惠性差別待遇」這是能理解的所以，「同性戀」不修民法，而是立專法，是非常可讚同的，例外就是例外，我不覺得有什麼好丟臉的。再舉個例子好了，各位一定很喜歡貓跟狗吧，甚至有動保法，那我請問，牛，雞，鴨，羊，豬呢？雖說是以「人道」方式宰殺啦，但一出生的命運就是要被吃，未免太殘忍了吧？為何我不能吃貓肉，狗肉，簡單，因為他們可愛，更加聰明，當作食用物品……可真難想像，歧視呀，豬很可愛呀，只要當成寵物養，你為了吃把他養的那麼肥變的不可愛，太過份啦，有人這樣主張過嗎？貓狗如果我以料理為目的，能做出美味的佳餚，卻要被法律禁止，這不是歧視是什麼？如果真的能主張生命平等的人，那麼，只有素食主義者可以吧，甚至為了不殺傷任何生命，而絕食之人。有點跑題，拉回來一下，因此，貓跟狗特別被保護，是因為「多數人的價值觀」認為他們是很可愛的生命，並且比起當作食用性商品，更適合當作人類的朋友，當做「原則」來保護，而「例外」就是，可食用性的動物固然可當寵物，可是，我不特別保護唷，但是基於生命的尊重及「平等」，我們採取盡量「人道」的方式來結束他們的生命，以便讓我們活下去。有沒有感覺很像，多數人「原則」都是「喜歡異性」，然而有「例外」是「喜歡同性」，但是基於「婚姻自由」應該平等而為之的理念，不應只保護「原則」故應立法，保護「例外」。以上2點是我的看法，不過2真的很長，如果要批評可以，但請看完再做評析，不要只看到一些文字，便做片面的解釋，那就如同最討厭的某些記者了，聳動的標題，配上一些自己特別的獨家解讀，來傷害當事人，而不夠客觀，感恩。p.s此篇文章在彩虹版亦有,不想被就地掩埋，故相關都po，然後不能匿名，故只好生個卡稱，不想校名被透露喜歡 1回應 3收藏文章追蹤文章回文共 3 則回應東吳大學B15月29日 16:210完全同意 根本不能混為一談該有的法必須立 而不是跟著人群胡亂起舞他們都忘記了  自由是建立在法治之下的朝陽科大B25月29日 16:500立專法還是立專章，是不一樣的喔，我覺得應該是要立專章啦。可解決許多異性有但同性不會發生的問題，反之亦然。隨便舉個例異性有同性無：婚生子女認定問題。（現行民法：妻之受胎，係在婚姻關係存續中者，推定其所生子女為婚生子女。而女同性戀若懷孕，則一定為非婚生子女，可免除還要進行否認子女之訴。）同性有異性無：兵役法家庭成員同時教召問題。（現行兵役法類似規定：兄弟僅兩人，同時應召，可擇一免除本次召集。立法用意應該是避免家庭成員同時應召，而男性同性戀可能有家庭成員同時教召之問題。）諸如此類，可能還有很多，但得慢慢審視，所以我認為訂專章會比直接修改來得好一些，但另立專法就不必了。國立臺灣大學B35月29日 19:431開頭就直接說明。是的!你確實是對同性戀有隱藏的歧視。再來，你的問題是複合性問題。所以要慢慢拆開來回答。1. 偽議題，收養問題與家庭組成無關。而以台灣現有的體制來說，養機構凡是都必須以「孩子的利益」為優先考量在審核的時候必須外聘專家加入審核會議，審核的歷程需要充分討論養家的狀態、準備度，確保出養的孩子能進入一個穩定健康的家庭環境，並非想成家收養小孩就能領養。>>第一個就已經是偽議題。2. ""刻板印象""並非""正確""。就算是說""有些參考性(沒有錯太多)""，這也意味並非正確。前段你的描述是倆的事情，a. 同性戀(少數)與異性戀(多數) b.人的個體差異。獅子兇、女孩喜歡洋娃娃是刻板印象嗎? Yes.是刻板印象.這兩者的刻板印象是錯誤的嗎? Yes, 是錯誤的。 女生都比較會勾心鬥角，男生都會比較颯爽? No, 看看歷史就知道.男性鉤心鬥角的程度一點都不輸女性。刻板印象確實""有一些""是正確的觀察結果，但也""有一些""是錯誤的。>>故""這些刻板印象是錯誤的嗎，我認為並沒有錯太多""，這個地方就已經錯了，因為你把刻板印象與正確畫上了等號。(不過這很明顯不是重點...其實我看不太懂你想表達什麼。3. 專法是作為""加碼保障""，<原基法>並無法作為""隔離""的論點。a.""多數(原則)""與""少數(例外)""作區隔，以此概念做為專法的基礎。在此部分是用""喜歡同/異性""做為區隔，但這如同用膚色做區隔。目前的科學資料，同/異/雙性戀並無發現差異。>>在此光要說明兩者具有差異，需特別不同對待就已經有問題。b.以<原住民基本法>作為論點，藉此說明""專法""的合理性。婦幼法，原民法，都是在婦幼與原民都享有全部「民法」保障，之後再增加「專法」來提升婦幼與原民權益。這些專法是因政府承認社會不正義的事實，造成特定族群的邊緣弱勢地位， 所以在法律對於所有人民的基本保障之外，另外再給予保障。>>換句話說，專法是一個“加碼保障”弱勢、促進社會正義的概念。1954美國聯邦最高法院裁定著名的布朗案，將他們與正常人隔離，用隔離的方式給與平等的對待，「隔離但平等（Separate but equal）」被裁定為一種歧視。 <同婚>與<原基法>兩者根本不能並列。>> 同婚專法是進行”隔離“，跟其他專法的目的不一樣。若你認為同婚是""例外""應設立專法，那也必須建構在""修完民法""之後，再增設專法“加碼保障”。4. 前提假設錯誤。動物權&動物福利，兩者所強調的並不相同。a.""貓跟狗有動保法，那牛，雞，鴨，羊，豬呢？"" 、""原則""上保護動物(貓、狗)，但雞、牛、羊屬於""例外""不被保護？>>《動物保護法》涵蓋的非常廣，包括你說的貓、狗、牛，雞，鴨，羊，豬都算是在動保法的保護範圍，是為尊重動物生命及保護動物。你想說明的是動物的""生命權""，屬於""動物權""的範疇。但動保法強調的""動物福利""。b. ""寵物""與""經濟動物""的待遇不同，這是不是歧視？你想表達的不是""歧視""，而是指在生命上的""差別待遇""。而這個差別待遇源自於原先幾百年來對此些物種的馴化的用途，經濟動物在馴化過程中本身就以食用作為目標，犬貓本身作為經濟動物的價值不高。。>>但犬、貓被獨立出來""不准殺害""這確實就是差別待遇。(這段看起來又跑提了)c.  動保法""原則""上保護寵物(貓、狗)，但經濟動物屬於""例外""不該被保護到。民法""原則""上保護異性戀，但同性戀屬於""例外""不該被保護到。>>.........前提假設就錯誤了，我實在不知道怎麼比較。-----------------------------------------------------------------------------------------------------------------------------立專法是有幾個問題存在。1.假友善的專法：偽善的外表包裹著非我族類的歧視心態 (隔離但平等（Separate but equal）)同婚專法以表面上平等的方式隔離同志族群，抱持著「我給你飯吃、讓你受教育、我把你當人看」的心態施捨法律權益及尊嚴保障給同志。普通法跟特別法的關係是針對相同的事物給予不同的規範，但是反對同婚的人覺得同婚跟異性婚""本質""不同，所以才會遊說以專法取代修法。1954美國聯邦最高法院裁定著名的布朗案，當時因為美國的黑人與白人在不同的學校上學，在表面上，黑人與白人所受到的教育權是平等的，他們擁有同樣的教室、書本、課桌椅，但是這種隔離式的處遇，本身就是一種歧視正是顯示你不把他們當人看，如果真把他們當人看，就沒有必要將他們與正常人隔離，你用隔離的方式給與平等的對待，「隔離但平等（Separate but equal）」被裁定為一種歧視，從此之後美國不得將不同種族限制在不同學校受教育。>>在法律上另立專法，只能是「善意歧視」，例如設置「身心障礙專用停車格」，是賦予身心障礙人士比一般人更多的利益。2.同婚專法不是平權的法律鼓吹同婚專法的目的是隔離，跟原住民基本法、身心障礙者權益保護法、兒童及少年福利法的目的不一樣。<原住民基本法>因為歷史因素以及社會結構，原住民長期處於弱勢的社會地位，因此有了原住民族基本法來保障他們的權益<身心障礙者權益保護法>因為身體能力不如一般人，所以有了身心障礙者權益保護法來保障他們的權益<兒童及少年福利法>因為孩童身心尚未發展健全，因此又了兒童及少年福利法來保障他們的權益這些法律的目的是賦予弱勢族群更多權益，是為了彌平實質不平等，故透過法律制度來給予特殊保障，以達成實質平等。黑人飲水機：另立名目就是歧視在50年代的美國德州，某個公園的飲水機僅供白人使用，結果被人家說是種族歧視。鎮長非常開明，他說：「好啊，那我們就在旁邊再蓋一個僅供黑人使用的飲水機」。上面這個例子是瞎掰的，但你可以看出來，為什麼「同等法律權利」無法解決歧視的問題。都願意替黑人蓋一個飲水機了，為什麼就是不願意和黑人共同使用一個飲水機？既然你都可以同意讓藉由「另立名目」來讓同性伴侶享有和異性伴侶的「婚姻」一樣的法律權利，那麼，是什麼理由讓你堅持不和同性伴侶共同使用「婚姻」這個詞？>>同婚專法，最多也只會賦予同性戀者跟異性戀者一樣的權利，既不是基於弱勢地位而賦予的特別保障，更不是為了彌平實質不平等而特別建立的法律制度。3.德國經驗：同婚專法浪費更多社會資源因為同婚專法承認的「婚姻」，並非民法親屬編的婚姻，因此所有法律中跟配偶有關的權利義務，將必須逐條檢討是否適用在同婚專法所承認的「同婚」身上。德國訂立同婚專法的時候，因為立法者對於什麼時候要讓同性戀享有跟異性戀一樣的權利、什麼時候不用，沒有一定的標準， 使得條文結構非常複雜，還產生許多矛盾以及法律漏洞。法律有漏洞不能不修補，導致德國在2001年三讀立法後，於2004 年、2007 年、2008 年及2015年不斷頻繁修法，耗費更多社會資源。>>台灣案例- 原基法從民國1995年起，距20年至今還是許多矛盾以及法律漏洞，學者、專家每年繼續耗費精力討論修法。馬上回應搶第 4 樓...130服務條款常見問題問題回報徵才商業合作",5月29日 16:00,Dcard,https://www.dcard.tw/f/trending/p/226497683-%EF%BC%83%E8%A8%8E%E8%AB%96-%E8%AB%87%E6%80%A7%E5%88%A5%E5%88%BB%E6%9D%BF%E5%92%8C%E6%AD%A7%E8%A6%96%EF%BD%9E%E4%BF%AE%E6%B3%95
Dcard註冊登入全部分類看板感情女孩美妝追星穿搭男孩有趣汽機車彩虹靈異星座美食寵物手作時事閒聊心情電影戲劇綜藝音樂動漫遊戲寶可夢攝影3C工作運動旅遊書籍語言留學詩文考試課程西斯Dcard廢文校園看板臺灣大學政治大學交通大學淡江大學東華大學成功大學北科大輔仁大學師範大學高雄師範大學彰化師範大學中央大學逢甲大學清華大學暨南大學東海大學高雄第一科大台科大中興大學元智大學聯合大學海洋大學中山大學臺北大學中央警察大學中正大學實踐大學陽明大學臺灣藝術大學世新大學臺北教育大學臺北藝術大學臺北市立大學文化大學東吳大學嘉義大學高雄大學中科大國北護義守大學長庚大學臺北醫學大學中原大學中山醫學大學文藻外語大學高應大長庚科大勤益科大銘傳大學宜蘭大學虎尾科大新竹教育大學大同大學臺北商業大學臺中教育大學屏東大學靜宜大學高雄海洋科大朝陽科大國防大學南臺科大高雄餐旅大學中國醫藥大學長榮大學屏科大明志科大亞洲大學健行科大樹德科技大學真理大學嘉南藥理大學高雄醫學大學明新科技大學臺東大學台南應用科大金門大學大葉大學南華大學嶺東科大輔英科技大學中國科大慈濟科技大學慈濟大學致理科技大學開南大學弘光科技大學臺南大學中華大學德明財經科大景文科大龍華科技大學國立雲林科技大學正修科大遠東科大吳鳳科大中臺科大國立澎湖科技大學崑山科大中華醫事科技大學臺灣體育運動大學僑光科技大學醒吾科技大學環球科技大學華梵大學佛光大學萬能科大亞東技術學院經國管理暨健康學院建國科大東南科大南開科大聖約翰科大明道大學美和科大臺南藝術大學康寧大學育達科大高苑科大中華科大元培醫事科大國立體育大學大仁科大台灣首府大學玄奘大學南榮科大中州科大華夏科大修平科大大華科大臺北城市科大馬偕醫學院德霖技術學院台北海洋技術學院南亞技術學院臺灣戲曲學院黎明技術學院稻江科技暨管理學院和春技術學院法鼓文理學院亞太創意技術學院臺灣觀光學院大漢技術學院蘭陽技術學院崇右技術學院東方設計學院大同技術學院聖母醫護管理專科學校康寧醫護暨管理專科學校耕莘健康管理專科學校國立臺南護理專科學校新生醫護管理專科學校高美醫護管理專科學校仁德醫護管理專科學校崇仁醫護管理專科學校馬偕醫護管理專科學校敏惠醫護管理專科學校樹人醫護管理專科學校育英醫護管理專科學校慈惠醫護管理專科學校國防醫學院中華民國陸軍專科學校臺灣警察專科學校紐約大學時事#新聞 朱高正：3到5年內 台灣將發生動亂5月29日 21:49http://www.chinatimes.com/realtimenews/20170529004089-260409 63歲的民進黨創黨元老朱高正離開政壇後，往返兩岸，先後在多所大陸高校講學。日前他在北京一場國學講座活動直指，蔡英文就是個傀儡，甚至說未來3到5年內，台灣就會發生動亂！朱高正表示，不要奢望蔡英文會有什麼改變，她沒有主見，就是個傀儡，民進黨很快就會把她掀掉，小英現在禍起蕭牆，處理兩岸不行，連內部的領導威望也面臨非常嚴峻的挑戰。並指蔡英文沒機會連任，因民進黨的支持者大量流失，尤其在青年這一塊，流失非常嚴重。據中新網報導，朱高正估3到5年內，台灣就會發生動亂，因軍公教人員本來是台灣社會內部穩定的重要力量，但這一次改革，把他們晚年的退休金腰斬，如今這些變成一股躍躍欲試的動亂力量。台灣內部現在已經有很多這種聲音，希望共產黨趕快過來吧。他甚至說：「大陸不妨耐心等待，好整以暇。當這個聲音達到相當程度的時候，再以王者之師，出兵平亂，這就是大概兩岸後面的結局。」朱高正說，因為蔡英文錯誤的兩岸政策，使台灣在兩岸關係中，已經交出了主動權。喜歡 0回應 2收藏文章追蹤文章回文共 2 則回應W身為男人就算是蘿莉也可以B15月29日 22:040阿@@  他是誰啊？？國立政治大學B25月30日 00:040朱高正本身立場就是反台獨支持統一馬上回應搶第 3 樓...020服務條款常見問題問題回報徵才商業合作,5月29日 21:49,Dcard,https://www.dcard.tw/f/trending/p/226499400-%EF%BC%83%E6%96%B0%E8%81%9E-%E6%9C%B1%E9%AB%98%E6%AD%A3%EF%BC%9A3%E5%88%B05%E5%B9%B4%E5%85%A7-%E5%8F%B0%E7%81%A3%E5%B0%87%E7%99%BC%E7%94%9F%E5%8B%95%E4%BA%82
Dcard註冊登入全部分類看板感情女孩美妝追星穿搭男孩有趣汽機車彩虹靈異星座美食寵物手作時事閒聊心情電影戲劇綜藝音樂動漫遊戲寶可夢攝影3C工作運動旅遊書籍語言留學詩文考試課程西斯Dcard廢文校園看板臺灣大學政治大學交通大學淡江大學東華大學成功大學北科大輔仁大學師範大學高雄師範大學彰化師範大學中央大學逢甲大學清華大學暨南大學東海大學高雄第一科大台科大中興大學元智大學聯合大學海洋大學中山大學臺北大學中央警察大學中正大學實踐大學陽明大學臺灣藝術大學世新大學臺北教育大學臺北藝術大學臺北市立大學文化大學東吳大學嘉義大學高雄大學中科大國北護義守大學長庚大學臺北醫學大學中原大學中山醫學大學文藻外語大學高應大長庚科大勤益科大銘傳大學宜蘭大學虎尾科大新竹教育大學大同大學臺北商業大學臺中教育大學屏東大學靜宜大學高雄海洋科大朝陽科大國防大學南臺科大高雄餐旅大學中國醫藥大學長榮大學屏科大明志科大亞洲大學健行科大樹德科技大學真理大學嘉南藥理大學高雄醫學大學明新科技大學臺東大學台南應用科大金門大學大葉大學南華大學嶺東科大輔英科技大學中國科大慈濟科技大學慈濟大學致理科技大學開南大學弘光科技大學臺南大學中華大學德明財經科大景文科大龍華科技大學國立雲林科技大學正修科大遠東科大吳鳳科大中臺科大國立澎湖科技大學崑山科大中華醫事科技大學臺灣體育運動大學僑光科技大學醒吾科技大學環球科技大學華梵大學佛光大學萬能科大亞東技術學院經國管理暨健康學院建國科大東南科大南開科大聖約翰科大明道大學美和科大臺南藝術大學康寧大學育達科大高苑科大中華科大元培醫事科大國立體育大學大仁科大台灣首府大學玄奘大學南榮科大中州科大華夏科大修平科大大華科大臺北城市科大馬偕醫學院德霖技術學院台北海洋技術學院南亞技術學院臺灣戲曲學院黎明技術學院稻江科技暨管理學院和春技術學院法鼓文理學院亞太創意技術學院臺灣觀光學院大漢技術學院蘭陽技術學院崇右技術學院東方設計學院大同技術學院聖母醫護管理專科學校康寧醫護暨管理專科學校耕莘健康管理專科學校國立臺南護理專科學校新生醫護管理專科學校高美醫護管理專科學校仁德醫護管理專科學校崇仁醫護管理專科學校馬偕醫護管理專科學校敏惠醫護管理專科學校樹人醫護管理專科學校育英醫護管理專科學校慈惠醫護管理專科學校國防醫學院中華民國陸軍專科學校臺灣警察專科學校東吳大學時事#討論 台南三寶臨停堵死路口5月29日 14:12最近這兩天發現還蠻紅的，我也覺得駕駛真的是低能到不行，造成別人行車困擾，應該遭受該有的處罰。但是我覺得更誇張的是那些網友????誰沒犯錯過，大家都不敢說自己沒違規過吧，只是他們真的比較誇張而已????，我覺得有時候遇到這種事情反而是讓自己學習反思，大家都在嚷嚷網路霸凌，那為了這件事要肉搜他們出來的人的心態是什麼，把他們抓出來罵他們只能罵這個，我們根本不知道他們的為人怎麼樣就斷定一個人自私還是厚顏無恥，搞不好他們也有做善事剛好這次犯了比較嚴重的錯而已，那就要用言語霸凌他們嗎，搞不好這兩個三寶也看到在反省了。只希望這個社會更好，而且違規不是犯罪，確實取締是對的但是不用致這些人於死，那這樣台灣應該只剩可愛的小孩子了。By 希望大家更好的男紙喜歡 1回應 2收藏文章追蹤文章回文共 2 則回應臺北醫學大學B15月29日 14:240最討厭停車停在停車場路口害我不能出來真的是低能到不行原PO - 東吳大學B25月29日 14:341B1 路上真的一堆人很自私... 停車真的都自己好方便就好哈哈馬上回應搶第 3 樓...120服務條款常見問題問題回報徵才商業合作,5月29日 14:12,Dcard,https://www.dcard.tw/f/trending/p/226496767-%EF%BC%83%E8%A8%8E%E8%AB%96-%E5%8F%B0%E5%8D%97%E4%B8%89%E5%AF%B6%E8%87%A8%E5%81%9C%E5%A0%B5%E6%AD%BB%E8%B7%AF%E5%8F%A3
"Dcard註冊登入全部分類看板感情女孩美妝追星穿搭男孩有趣汽機車彩虹靈異星座美食寵物手作時事閒聊心情電影戲劇綜藝音樂動漫遊戲寶可夢攝影3C工作運動旅遊書籍語言留學詩文考試課程西斯Dcard廢文校園看板臺灣大學政治大學交通大學淡江大學東華大學成功大學北科大輔仁大學師範大學高雄師範大學彰化師範大學中央大學逢甲大學清華大學暨南大學東海大學高雄第一科大台科大中興大學元智大學聯合大學海洋大學中山大學臺北大學中央警察大學中正大學實踐大學陽明大學臺灣藝術大學世新大學臺北教育大學臺北藝術大學臺北市立大學文化大學東吳大學嘉義大學高雄大學中科大國北護義守大學長庚大學臺北醫學大學中原大學中山醫學大學文藻外語大學高應大長庚科大勤益科大銘傳大學宜蘭大學虎尾科大新竹教育大學大同大學臺北商業大學臺中教育大學屏東大學靜宜大學高雄海洋科大朝陽科大國防大學南臺科大高雄餐旅大學中國醫藥大學長榮大學屏科大明志科大亞洲大學健行科大樹德科技大學真理大學嘉南藥理大學高雄醫學大學明新科技大學臺東大學台南應用科大金門大學大葉大學南華大學嶺東科大輔英科技大學中國科大慈濟科技大學慈濟大學致理科技大學開南大學弘光科技大學臺南大學中華大學德明財經科大景文科大龍華科技大學國立雲林科技大學正修科大遠東科大吳鳳科大中臺科大國立澎湖科技大學崑山科大中華醫事科技大學臺灣體育運動大學僑光科技大學醒吾科技大學環球科技大學華梵大學佛光大學萬能科大亞東技術學院經國管理暨健康學院建國科大東南科大南開科大聖約翰科大明道大學美和科大臺南藝術大學康寧大學育達科大高苑科大中華科大元培醫事科大國立體育大學大仁科大台灣首府大學玄奘大學南榮科大中州科大華夏科大修平科大大華科大臺北城市科大馬偕醫學院德霖技術學院台北海洋技術學院南亞技術學院臺灣戲曲學院黎明技術學院稻江科技暨管理學院和春技術學院法鼓文理學院亞太創意技術學院臺灣觀光學院大漢技術學院蘭陽技術學院崇右技術學院東方設計學院大同技術學院聖母醫護管理專科學校康寧醫護暨管理專科學校耕莘健康管理專科學校國立臺南護理專科學校新生醫護管理專科學校高美醫護管理專科學校仁德醫護管理專科學校崇仁醫護管理專科學校馬偕醫護管理專科學校敏惠醫護管理專科學校樹人醫護管理專科學校育英醫護管理專科學校慈惠醫護管理專科學校國防醫學院中華民國陸軍專科學校臺灣警察專科學校Erealtw@everygods9487時事#新聞　北韓傳媒，台灣/中共分開寫5月28日 14:06即時新聞／綜合報導〕北韓平壤日前舉行國際商品展，台灣代表團也派團參展，北韓《中央社》等官媒在報導上提到台灣，此舉竟引來中國網友崩潰叫罵，認為北韓想「勾搭台灣」。平壤日前舉辦商品展，許多北韓媒體把台灣和中國分開寫，引發中國網友崩潰不滿。圖為北韓領導人金正恩。（法新社）北韓《中央社》、《勞動新聞》等媒體報導指出，參展的國家和地區包括朝鮮（北韓）、白俄羅斯、中國、伊朗、義大利、印尼、越南、古巴和台灣等，參展公司達280多家。文中把台灣和中國分開寫，引發中國網友崩潰批評。兩家北韓官媒都提到台灣，台灣代表團20日抵達平壤時，也特別發文報導，文中都將台灣和中國分開，此舉惹怒不少中國人。許多中國網友批評北韓媒體做法，也有網友質疑「（北韓）勾搭台灣想幹嘛？」至於中國官媒則幾乎沒報導，《新華網》報導時則是把台灣直接省略。 @習包紙聲稱：小金真是愛開玩笑兒兒兒。原聞網址：http://news.ltn.com.tw/news/world/breakingnews/2081935喜歡 4回應 16收藏文章追蹤文章回文共 16 則回應國立臺灣大學B15月28日 14:084怎麼看你在高潮？KOWOB25月28日 16:014金三胖想拉攏蔡陰文 太棒了台科大B35月28日 16:111這樣也能崩潰，支那易碎品好脆弱國立臺灣大學B45月28日 16:303B3學店綠畜出來崩潰囉??龍華科技大學B55月28日 17:440想問湖南哥看法虎尾科大B65月28日 18:291假新聞https://tuo8.blue/thread-115220-1-1.html哈爾濱工業大學B75月29日 01:281原文是「參展的國家和地區」，地區是哪一個應該不難看出。我覺得這樣報導沒問題，兩岸都可以接受。中原大學B85月29日 02:012B6 對岸一個不知名網友說假新聞，你就真的信了？看來你的查證能力沒比台媒好多少http://www.rodong.rep.kp/cn/index.php?strPageID=SF01_02_01&newsID=2017-05-23-0006康斯坦茨大學 信息工程B95月29日 02:060此舉竟引來中國網友崩潰叫罵引發中國網友崩潰不滿中國網友崩潰批評對其中一段的修改建?：許多中國網友批評北韓媒體做法，也有網友崩潰質疑「（北韓）勾搭台灣想幹嘛？」至於中國官媒則幾乎崩潰，沒報導。中國中山大學B105月29日 02:153哦。知道了，崩潰了。不過為什麼不加上“十三億強國人”崩潰呢？自由時報如果覺得我們崩潰了，至少去微博上截個我們崩潰的回應圖，才有說服力啊。如果找不到我們崩潰的證據，可以買水軍來崩潰一下嘛！我們又不是什麼事都關注的，自由時報要多宣傳這個新聞，我們才知道我們崩潰了，不然“強國人”都不知道自己崩潰了，豈不是很尷尬？虎尾科大B115月29日 02:191b8問題在網上並沒看到網民開罵可能我對他們的網路平臺不熟悉你只貼了官方訊息但網民開罵的地方是？最後到是挺酸的或許我的查證能力不好但總比傻傻相信傳媒更好中原大學B125月29日 02:250B11你貼的那個連結的中國網友質疑的內容是""造?死一?口本。台?是美?的盟友，是小跟班，是大哥罩?的小弟。大哥家要做的事情，台?有??酌干?？?且?三胖，能有几??啊？笑?。""請問哪裡提到網民開罵？如果你懷疑的是關於中國網民開罵的內容，你貼那個連結又有什麼意義？虎尾科大B135月29日 02:321b12沒有查證的事情瘋狂報導也是傳媒的實力啦然後不經查證更是你的本事更好笑的是你還有冠冕堂皇的理由中原大學B145月29日 02:370如果你認為去查原始出處也不算查證，那我也沒辦法啦樓上你就跟著那位大陸網民相信台灣沒去參展吧虎尾科大B155月29日 02:430b14沒說沒去啊！要請媒體在批判前拿出出處不知道哪個中國網站如此關注台灣然而你的思路真的看來就只有兩種路線建議可以試著多方思考對自己的知識吸收會更有幫助湖南科技大學 視覺傳達設計B165月29日 23:230B5 ?种新?看看就好??，三胖最近有?抽?馬上回應搶第 17 樓...4160服務條款常見問題問題回報徵才商業合作",5月28日 14:06,Dcard,https://www.dcard.tw/f/trending/p/226490575-%EF%BC%83%E6%96%B0%E8%81%9E%E3%80%80%E5%8C%97%E9%9F%93%E5%82%B3%E5%AA%92%EF%BC%8C%E5%8F%B0%E7%81%A3%EF%BC%8F%E4%B8%AD%E5%85%B1%E5%88%86%E9%96%8B%E5%AF%AB
Dcard註冊登入全部分類看板感情女孩美妝追星穿搭男孩有趣汽機車彩虹靈異星座美食寵物手作時事閒聊心情電影戲劇綜藝音樂動漫遊戲寶可夢攝影3C工作運動旅遊書籍語言留學詩文考試課程西斯Dcard廢文校園看板臺灣大學政治大學交通大學淡江大學東華大學成功大學北科大輔仁大學師範大學高雄師範大學彰化師範大學中央大學逢甲大學清華大學暨南大學東海大學高雄第一科大台科大中興大學元智大學聯合大學海洋大學中山大學臺北大學中央警察大學中正大學實踐大學陽明大學臺灣藝術大學世新大學臺北教育大學臺北藝術大學臺北市立大學文化大學東吳大學嘉義大學高雄大學中科大國北護義守大學長庚大學臺北醫學大學中原大學中山醫學大學文藻外語大學高應大長庚科大勤益科大銘傳大學宜蘭大學虎尾科大新竹教育大學大同大學臺北商業大學臺中教育大學屏東大學靜宜大學高雄海洋科大朝陽科大國防大學南臺科大高雄餐旅大學中國醫藥大學長榮大學屏科大明志科大亞洲大學健行科大樹德科技大學真理大學嘉南藥理大學高雄醫學大學明新科技大學臺東大學台南應用科大金門大學大葉大學南華大學嶺東科大輔英科技大學中國科大慈濟科技大學慈濟大學致理科技大學開南大學弘光科技大學臺南大學中華大學德明財經科大景文科大龍華科技大學國立雲林科技大學正修科大遠東科大吳鳳科大中臺科大國立澎湖科技大學崑山科大中華醫事科技大學臺灣體育運動大學僑光科技大學醒吾科技大學環球科技大學華梵大學佛光大學萬能科大亞東技術學院經國管理暨健康學院建國科大東南科大南開科大聖約翰科大明道大學美和科大臺南藝術大學康寧大學育達科大高苑科大中華科大元培醫事科大國立體育大學大仁科大台灣首府大學玄奘大學南榮科大中州科大華夏科大修平科大大華科大臺北城市科大馬偕醫學院德霖技術學院台北海洋技術學院南亞技術學院臺灣戲曲學院黎明技術學院稻江科技暨管理學院和春技術學院法鼓文理學院亞太創意技術學院臺灣觀光學院大漢技術學院蘭陽技術學院崇右技術學院東方設計學院大同技術學院聖母醫護管理專科學校康寧醫護暨管理專科學校耕莘健康管理專科學校國立臺南護理專科學校新生醫護管理專科學校高美醫護管理專科學校仁德醫護管理專科學校崇仁醫護管理專科學校馬偕醫護管理專科學校敏惠醫護管理專科學校樹人醫護管理專科學校育英醫護管理專科學校慈惠醫護管理專科學校國防醫學院中華民國陸軍專科學校臺灣警察專科學校嶺東科大時事#新聞#討論 關於台中設置低頭族專用號誌5月29日 15:41如標題 不知道最近大家有沒有在新聞或網路上得知這件事以下是新聞連結↓防滑手機出意外 台中要設低頭族專用號誌 | 中彰投 | 地方 | 聯合新聞網:https://udn.com/news/story/7325/2479934 看完這則新聞 腦中一堆問號走路時不是本來就不該低頭滑手機了嗎?之前一直提倡走路開車騎車不要當低頭族現在卻設這個號誌配合低頭族這不就是鼓勵大家低頭嗎 ???????????喜歡 4回應 4收藏文章追蹤文章回文共 4 則回應東吳大學B15月29日 15:440這個倒是蠻體貼人性的設計，因為有些人就是會邊走邊看手機。康斯坦茨大學 信息工程B25月29日 16:011听?一?香港去台???的人?，香港的???是有?盲人准?的提示音的然而台??有，所以在香港可以等???候低?划手机在台??不行。台?也可以推行啊。印象中大?也有?音提示，但是?有种?了?置而?置的感?。實踐大學B35月29日 16:060B2 台灣有些路口有哦過不同方向的馬路會有不同的鳥叫聲但其實聽不太清楚路上吵雜聲還是大於提示音國立虎尾科技大學 電子工程系B45月29日 16:410感覺故障率蠻高的用聲音提示比較實在馬上回應搶第 5 樓...440服務條款常見問題問題回報徵才商業合作,5月29日 15:41,Dcard,https://www.dcard.tw/f/trending/p/226497498-%EF%BC%83%E6%96%B0%E8%81%9E%EF%BC%83%E8%A8%8E%E8%AB%96-%E9%97%9C%E6%96%BC%E5%8F%B0%E4%B8%AD%E8%A8%AD%E7%BD%AE%E4%BD%8E%E9%A0%AD%E6%97%8F%E5%B0%88%E7%94%A8%E8%99%9F%E8%AA%8C
"Dcard註冊登入全部分類看板感情女孩美妝追星穿搭男孩有趣汽機車彩虹靈異星座美食寵物手作時事閒聊心情電影戲劇綜藝音樂動漫遊戲寶可夢攝影3C工作運動旅遊書籍語言留學詩文考試課程西斯Dcard廢文校園看板臺灣大學政治大學交通大學淡江大學東華大學成功大學北科大輔仁大學師範大學高雄師範大學彰化師範大學中央大學逢甲大學清華大學暨南大學東海大學高雄第一科大台科大中興大學元智大學聯合大學海洋大學中山大學臺北大學中央警察大學中正大學實踐大學陽明大學臺灣藝術大學世新大學臺北教育大學臺北藝術大學臺北市立大學文化大學東吳大學嘉義大學高雄大學中科大國北護義守大學長庚大學臺北醫學大學中原大學中山醫學大學文藻外語大學高應大長庚科大勤益科大銘傳大學宜蘭大學虎尾科大新竹教育大學大同大學臺北商業大學臺中教育大學屏東大學靜宜大學高雄海洋科大朝陽科大國防大學南臺科大高雄餐旅大學中國醫藥大學長榮大學屏科大明志科大亞洲大學健行科大樹德科技大學真理大學嘉南藥理大學高雄醫學大學明新科技大學臺東大學台南應用科大金門大學大葉大學南華大學嶺東科大輔英科技大學中國科大慈濟科技大學慈濟大學致理科技大學開南大學弘光科技大學臺南大學中華大學德明財經科大景文科大龍華科技大學國立雲林科技大學正修科大遠東科大吳鳳科大中臺科大國立澎湖科技大學崑山科大中華醫事科技大學臺灣體育運動大學僑光科技大學醒吾科技大學環球科技大學華梵大學佛光大學萬能科大亞東技術學院經國管理暨健康學院建國科大東南科大南開科大聖約翰科大明道大學美和科大臺南藝術大學康寧大學育達科大高苑科大中華科大元培醫事科大國立體育大學大仁科大台灣首府大學玄奘大學南榮科大中州科大華夏科大修平科大大華科大臺北城市科大馬偕醫學院德霖技術學院台北海洋技術學院南亞技術學院臺灣戲曲學院黎明技術學院稻江科技暨管理學院和春技術學院法鼓文理學院亞太創意技術學院臺灣觀光學院大漢技術學院蘭陽技術學院崇右技術學院東方設計學院大同技術學院聖母醫護管理專科學校康寧醫護暨管理專科學校耕莘健康管理專科學校國立臺南護理專科學校新生醫護管理專科學校高美醫護管理專科學校仁德醫護管理專科學校崇仁醫護管理專科學校馬偕醫護管理專科學校敏惠醫護管理專科學校樹人醫護管理專科學校育英醫護管理專科學校慈惠醫護管理專科學校國防醫學院中華民國陸軍專科學校臺灣警察專科學校國立交通大學時事#(討論)(非戰, 理性思考)同婚與亂倫5月29日 12:30最近同婚被證明了是違憲的,我個人對於這項議題是抱持著「關我什麼事~」的感覺繼續過自己的日子。不過家中長輩對此反對很大提出說: 「如果同婚通過，那不提其他什麼人獸交，多人一起結婚這些問題，光是『近親結婚』在未來就有可能會實現了!」這個說法我想了想好像真的無法反駁，想了幾個正方觀點:1.如果雙方都成年了且表明是自願相愛，那如同同性戀一樣，他們結婚也不關我們的事，憑什麼阻止。2.不要說因為近親結婚的孩子會殘障。結婚跟生小孩本來就是分開的兩件事，姑且不論要不要規定兩個人不准生小孩。今天兩個有帶有高度遺傳性疾病的兩個人，法律上他們還是可以結婚的。3.「婚姻」這個儀式的重點本身就是讓雙方共享對方的財產，權力，例如死亡會繼承財產、可以幫對方簽手術同意書...等等，另外如果對方外遇可以請法律判決，告對方即第三者妨害家庭之類的。同性戀需要這些權力，可是近親戀感覺也需要阿，沒什麼道理同性戀可以近親不行。以上，就是近親結婚的道理。不要說什麼萬年月經文，滑坡理論什麼的，我目前上網查了一下，是認真沒有看到可以讓我信服的理由說近親結婚不行。也許我們這個世代因為「需要」，所以同性戀結婚通過了。那未來的世代可能也會因為「需要」，所以近親通過了，非常可能。認真，所以請各位挺同人士好好的打我的臉吧XD，我不是恐同，是真的有疑問。喜歡 2回應 22收藏文章追蹤文章回文共 22 則回應東吳大學B15月29日 12:346其實近親沒有不行例如某些國家  近親也是合法的以前也滿多父母希望自己的孩子在一起的 (親更親的概念)近親最大的問題是  後代有問題的機率大到我們承受不起你應該可以理解  一個生物客觀上的最終目的是繁衍強壯健康的後代自然會避免進親的發生那為何會違反這點支持同婚？因為同婚不會有機會「生出有問題的小孩」他們沒有生育率  所以沒問題另外人獸交之類的屁話等到獸類可以拿身分證再說吧東吳大學B25月29日 12:350喔對了  我B1其實我恐同??但我正在努力克服??朝陽科大B35月29日 12:411B1近親最大的問題是 後代有問題的機率大到我們承受不起 講得好像現在就沒有遺傳性疾病的問題一樣，所以近親其實透過產檢，不就可以避免了嗎？甚至也無法解釋那為何姻親關係解除也無法通婚的問題。而且換個方向想，同婚成功了，那近親通婚（父子、母女、兄弟、姊妹）也可能是近親家庭組成的可能之一，也沒有生育問題喔！希望你也能克服恐近親的問題。國立政治大學B45月29日 12:445支持論點反優生學說：近親生子之中產生缺陷後代的機率並不比非近親生子來得高。婚姻非繁殖：即使近親生子的後代容易有缺陷，但近親間的婚姻並不代表他們一定會有後代。自由主義：戀愛自由是基本人權，兩個成年人彼此之間合意的婚姻，事實上與其他人都無關係。厭惡說：厭惡說的論據理由是出自對童養媳的研究，然而事實上童養媳與小丈夫是因婚姻強制規定的近親，雙方無真正血緣可言。厭惡說僅能證明了任何在同一屋簷下長大的同輩異性不易對彼此產生性慾望，亦可反推得出非血親同輩異性間也會有性厭惡，如孤兒院的院童；另一部分厭惡說卻也指出了人類的性吸引以至於性交，其實與動物沒太大分別。認為動物有近親趨避交配本能，是以人類角度去觀察動物，然而動物的交配僅單純為了繁衍後代，人類則未必。反對論點優生學說：近親婚姻可能帶有近親性交，而其後代畸形與智能障礙的機率偏高。（參見近親繁殖）如：美國曾有世居在阿帕拉契山脈的福格特（Fugate）家族，有正鐵血紅蛋白血症基因，又近親通婚，生下的後代容易為藍或紫色的皮膚；在過數代與外人通婚之後，子孫漸漸不復見此症狀。(但該家族皮膚藍色或紫色只是外觀上與他人不同，如同白種人與黃種人一樣，生活起居均正常)[4]厭惡說（sexual aversion hypothesis）：即韋斯特馬克效應，是芬蘭人類學家威斯特馬克（Edward Westermarck，1862-1939）提出的假說。他認為從小在同一家庭一起長大的異性，會對彼此發展性關係感到厭惡，久之形成禁止近親性交，原因是因為對彼此太過熟悉，以致失去了性慾望；反之從小分離的近親，相遇後容易產生與對方性交的衝動，即遺傳性性吸引。而近親性交的比例以父女（子）為最多（異輩近親性交），恰巧可證明威氏此說，因為發生性交的兩方不是同時長大成人的。經濟說：在父權社會中，因為女性是部族的可交易資產，族群之間為了拓展勢力，與外族聯合，故禁止族內血親性交或近親通婚。保護說：避免家中年長者性侵年幼者，及鼓勵同輩嫁娶。支持此一說者會提出動物有1.成年雄性會離開家庭2.雌性會延遲性成熟避免與父親性交3.無成年雄性在的家庭，子女輩會有性早熟等的現象，認為近親性交禁忌屬於生物本能。性競爭說：家（族）長者的性自私心態，年老者防備同族年輕者取代自己在家中異性間的性地位，而定出禁忌，藉由強制規定迫使子輩只能與家族以外的異性性交，年長者可繼續保有在家庭內絕對的性支配權。持此說者認為母系的一妻多夫或者父系的一夫多妻婚姻制都是出自這種心態演變出的變形，屬於文明演變造成的壓抑。贖罪說：佛洛伊德曾提出假說，在遠古社會中，因兒子弒父（見伊底帕斯）後心中愧疚，乃放棄與家中姊妹與母親的交配權而外娶，傳至後代形成禁忌。(即戀母情結)人格逆退說：長期近親性交的人，長大後會產生心態停留在早幼期對父母的依賴階段（如上下輩近親性交），不夠獨立與成熟，也會對社會溝通產生畏懼。生物學的理由近親繁殖會導致同型合子的增加，也就是同樣的等位基因出現在成對染色體中的相同位置，這是因為比起無血緣者近親擁有更多相同的等位基因，隱性的有害等位基因在異型合子的配對時不會啟動和形成危害，但在同型合子時會造成嚴重的成長缺陷。這一類的後代會有更高的機率在到達繁殖年齡前就死亡，導致生物學家所稱的近親繁殖衰退現象（在攜帶有害隱性基因的群體內，因近親繁殖造成的適應能力下降）。隱性基因可能包含各種遺傳問題，有同樣基因的人結合的後代會有更高的可能性發病。雖然男性無隱性血友病基因，但如果一個有血友病的男孩與他可能帶原血友病的姐妹有親密關係，他們的小孩會有更加高的機率得血友病。對查謨407名兒童的研究顯示，近親結婚家庭後代的智商低24.47點。[5]一些人類學家將生物學納入對近親性交禁忌的研究，他們主張對近親繁殖的厭惡並沒有生物學上的基礎，因為近親繁殖在生物學上可能是好事。其中的一個代表Leavitt寫道:「小群體近親繁殖，雖然最初會增加隱性有害基因在染色體相同位置成對的機率，但會很快將這類基因從繁殖庫中淘汰，因而降低遺傳負荷。」（Leavitt 1990, p.974）其他專家聲稱這個觀念是對遺傳學和自然選擇的基本誤解。他們主張雖然這在技術上可行，但近親繁殖在長遠上的正面影響幾乎總是無法實現，因為適應能力下降的短期影響就足以遏止近親繁殖。這類情形只曾發生在符合極端少見條件的案例上，例如嚴重的人口瓶頸、或畜牧業的人工強迫挑選。要達成「淨化」，近親配對的後代必須是同型合子顯性（無不良基因）和隱性（繁殖前死亡），若之中有異型合子後代，他們就可能無症狀的將缺陷基因傳下去，更麻煩的是，此模式無法解決多重有害隱性基因（多數人有多於一的有害隱性基因）和多重位置基因鏈結。突變的產生會打消對不良基因的清洗效果，有證據顯示同型合子個體會有更高危險性成為病原體。因為這些複雜因素，近親繁殖要越過初期適應力損傷的關卡極端困難。（Moore 1992, Uhlmann 1992）因此自然界少見近親繁殖，且多數有性生殖的生物天生就有避免近親交配的機制。Pusey & Worf（1996）and Penn & Potts（1999）兩者都從血緣識別啟發法中發現某些生物擁有從進化得來的近親繁殖厭惡心理的證據。https://zh.m.wikipedia.org/zh-tw/近親婚姻原PO - 國立交通大學B55月29日 12:440B1 同性戀可以領養或不生小孩，那近親肯定也可以。只要規定生小孩違法就可以了。婚姻對近親來說本來就不是束縛，退一步來說，他們就算沒結婚也可能會自己做愛然後生出小孩，所以說生小孩跟結婚是沒有關係的。認真講，未來有一天搞不好可以看到近親結婚違憲之類的新聞~~一個把回應刪除的同學B65月29日 12:46已經刪除的內容就像 Dcard 一樣，錯過是無法再相見的！東吳大學B75月29日 12:480B3 B5 不可能因為同性婚姻「沒有生育能力」生了就算違法？那你只看得到「政府剝奪生育權！」的新聞近親夫妻會哭著對鏡頭說「我們真心相愛而且知道風險，為何我們不能生？」虎尾科大B85月29日 13:120慢慢搞 我爆米花+飲料 看戲中原PO - 國立交通大學B95月29日 13:150B7 或是使用科技方法篩檢使生出來的小孩不是畸形兒...等等，反正解決方法很多，不是主要的理由。大葉大學B105月29日 13:191如果近親相愛的想要結婚，就跟同性戀一樣去爭取。並不是通過了同婚就一定也會通過近親結婚，同婚被扣了太多頂帽子在頭上了。近親婚姻有先例，代表其有一定機率可行，但他們就要跟同婚一樣自己去抗爭。朝陽科大B115月29日 13:271B10  如果同婚相愛的想要結婚，就跟國外一樣去爭取。並不是國外通過了台灣就一定也會通過同性結婚。不覺得很類似嗎？現在近親婚就像十幾年前的同婚，而就是這種風氣導致推動困難。東吳大學B125月29日 13:310B9 重點是我們「能發現」但「不能解決」大葉大學B135月29日 13:310B11 對啊，是這樣沒錯。就是這種態度。我支持同婚不代表我支持近親阿要就自己去努力這樣跟不支持同婚的人一樣啊「他們要結婚干我什麼事？」推動困難代表社會風氣跟態度還不能接受那就跟同婚一樣慢慢等，慢慢磨。朝陽科大B145月29日 13:362B13 你不支持可以不用跳出來用戲謔的口吻說「 要就自己去努力 」、「不是通過了同婚就一定也會通過近親結婚」，當時也是很多萌萌笑說來公投阿、自己去釋憲阿，你這樣跟萌萌半斤八兩。我也講了就是這種風氣導致推動困難，你不支持就別關心這議題，不關心也就不會上來這裡留言了，明擺著就是想看別人笑話的心態，跟幾年前的萌萌同個心態。S愛情總是來的太快??B155月29日 13:482我支持同婚，也支持近親婚姻合法化，但是我家人絕對不可能支持，而我因為經濟壓力，不得不在他們面前保持沉默，所以我不可能會站出來。但是如果有人願意站出來為同婚或近親婚說話，我願意聲援。但是如果有人用近親反對同婚或是用同婚反對近親（目前都是看到前者啦），我也願意來戰一下的??????支持近親很好，但是希望你是真的支持，而不是為了反同而假裝自己支持近親。國立高雄大學 法律學系B165月29日 14:201B9生育不是理由沒錯，那我就用其他層面來解釋。同性婚之所以這麼快就合法(比起其他國家來說謂快)，因為在現實面上有需求，過去應該聽過不少例子，同性戀者重病時伴侶無法簽字、死亡時財產也無法留給最愛的人，由於同性伴侶在社會上已占有一定比例了，因此政府不得不面對此問題，以法律保障他們。但近親伴侶目前在社會上的比例太稀少，況且在重病簽字時因為本身就是家屬，根本沒有無法簽字的情形，過世時的遺產某些特定家屬也能分得，所以不如同性戀那般有如此迫切的需要合法保障。當然用愛能克服一切問題的層面來說，近親婚在某種程度上也能解釋的通，但因為實在涉及到究竟幾親等內才能禁止(例如父女和母子這種有權利不對等情形，所以幾乎不太可能合法)，且目前社會上因為近親婚不合法導致權利未受到保障的情形少之又少，因此近親婚要合法應該還要一段頗長的時間才有可能。L~我是負能量~B175月29日 14:304幹嘛打你臉，近親又不是不行，作範圍的限縮就好，以及生育的限制。台科大B185月29日 15:320嗯對啊，所以我也支持近親婚姻合法啊東吳大學B195月29日 16:330一開始就是因為發現近親小孩會殘缺才立法+道德勸說啊說這是正面理由太過牽強何況  男女相愛  本來就是會有「不小心」別在那邊說什麼「只要注意」或「只要立法」這個機率賭不起A0.0B205月29日 17:450台灣法律規定6等親以內不能結婚 根本狗屁靜宜大學B215月29日 21:181首先講到人獸交或是跟摩天輪的就先叫他們閉上嘴巴根本是不動腦的人才會說出的言論法律本就是人類的社會制度能影響能制約的基本個體都是人你覺得跟動物結婚動物會懂得婚姻忠貞?懂得財產分配?看到這種完全無腦的言論都很傻眼我想當初法律的創設沒有考量到同性婚姻就是那時代多數同性戀不會拋棄自己原生家庭而選擇另一伴都會按照父母的想法選擇門當戶對的結婚而會禁止近親也絕對是一直以來人類都會有這樣的行為優生學一定是之後才出現的觀念當初禁止近親一定是為了傳統家庭倫理觀念以及保護自己的小孩畢竟家長都是處在優勢位階沒有法律限制你難以避免家長利用優勢位階影響到小孩至於優生學畢竟以前也是有很多人認為自己家族血統優良所以都近親所以很難去做反對近親的論述啦但是你真的很難避免有獸性的家長利用自己的優勢位階去影響到小孩生長大葉大學B225月29日 21:570B14 首先，我沒有用戲謔的口吻，頂多是冷漠的態度，文字上可能比較無法表達情緒。再來，原文不是是擔心通過同婚，近親也會隨之通過嗎？我只是用另一個角度告訴他 不會那麼容易。如此而已。因為我也找不到反對近親的理由。然後很怕因為找不到反對近親的理由而害同婚又有變數。馬上回應搶第 23 樓...2220服務條款常見問題問題回報徵才商業合作",5月29日 12:30,Dcard,"https://www.dcard.tw/f/trending/p/226496139-%EF%BC%83%EF%BC%88%E8%A8%8E%E8%AB%96%EF%BC%89%EF%BC%88%E9%9D%9E%E6%88%B0,-%E7%90%86%E6%80%A7%E6%80%9D%E8%80%83%EF%BC%89%E5%90%8C%E5%A9%9A%E8%88%87%E4%BA%82%E5%80%AB"
Dcard註冊登入全部分類看板感情女孩美妝追星穿搭男孩有趣汽機車彩虹靈異星座美食寵物手作時事閒聊心情電影戲劇綜藝音樂動漫遊戲寶可夢攝影3C工作運動旅遊書籍語言留學詩文考試課程西斯Dcard廢文校園看板臺灣大學政治大學交通大學淡江大學東華大學成功大學北科大輔仁大學師範大學高雄師範大學彰化師範大學中央大學逢甲大學清華大學暨南大學東海大學高雄第一科大台科大中興大學元智大學聯合大學海洋大學中山大學臺北大學中央警察大學中正大學實踐大學陽明大學臺灣藝術大學世新大學臺北教育大學臺北藝術大學臺北市立大學文化大學東吳大學嘉義大學高雄大學中科大國北護義守大學長庚大學臺北醫學大學中原大學中山醫學大學文藻外語大學高應大長庚科大勤益科大銘傳大學宜蘭大學虎尾科大新竹教育大學大同大學臺北商業大學臺中教育大學屏東大學靜宜大學高雄海洋科大朝陽科大國防大學南臺科大高雄餐旅大學中國醫藥大學長榮大學屏科大明志科大亞洲大學健行科大樹德科技大學真理大學嘉南藥理大學高雄醫學大學明新科技大學臺東大學台南應用科大金門大學大葉大學南華大學嶺東科大輔英科技大學中國科大慈濟科技大學慈濟大學致理科技大學開南大學弘光科技大學臺南大學中華大學德明財經科大景文科大龍華科技大學國立雲林科技大學正修科大遠東科大吳鳳科大中臺科大國立澎湖科技大學崑山科大中華醫事科技大學臺灣體育運動大學僑光科技大學醒吾科技大學環球科技大學華梵大學佛光大學萬能科大亞東技術學院經國管理暨健康學院建國科大東南科大南開科大聖約翰科大明道大學美和科大臺南藝術大學康寧大學育達科大高苑科大中華科大元培醫事科大國立體育大學大仁科大台灣首府大學玄奘大學南榮科大中州科大華夏科大修平科大大華科大臺北城市科大馬偕醫學院德霖技術學院台北海洋技術學院南亞技術學院臺灣戲曲學院黎明技術學院稻江科技暨管理學院和春技術學院法鼓文理學院亞太創意技術學院臺灣觀光學院大漢技術學院蘭陽技術學院崇右技術學院東方設計學院大同技術學院聖母醫護管理專科學校康寧醫護暨管理專科學校耕莘健康管理專科學校國立臺南護理專科學校新生醫護管理專科學校高美醫護管理專科學校仁德醫護管理專科學校崇仁醫護管理專科學校馬偕醫護管理專科學校敏惠醫護管理專科學校樹人醫護管理專科學校育英醫護管理專科學校慈惠醫護管理專科學校國防醫學院中華民國陸軍專科學校臺灣警察專科學校淡江大學時事#討論 外匯投資5月29日 17:15如果你們有一小筆的資金你們會拿來投資美元還是人民幣想說參考一下謝謝大家喜歡 1回應 8收藏文章追蹤文章回文共 8 則回應北科大B15月29日 17:180美金，主流貨幣人民幣要看習大大臉色國立臺中教育大學B25月29日 17:350美金因為較強勢勤益科大B35月29日 17:580中國經濟成長越來越弱人民幣沒前途明新科技大學 光電系統工程系B45月29日 18:010前陣子日幣不錯 現在我媽也叫我看美金 人民幣我也觀察很久中臺科大B55月29日 18:010你可以去觀察美國黃金存量和大陸的黃金存量，答案就出來嘍明新科技大學 光電系統工程系B65月29日 18:020B3 可是我有看網路新聞 大陸一直在買黃金Y沒想好呢B75月29日 18:380都別買。人民幣有貶值壓力，美元目前太過強勢，所以這兩個長期看都是向下走。去投資別的吧。T蝙蝠俠B85月29日 18:510人民幣有風險是賭的概念，美國不建議，川普有點狂。馬上回應搶第 9 樓...180服務條款常見問題問題回報徵才商業合作,5月29日 17:15,Dcard,https://www.dcard.tw/f/trending/p/226498411-%EF%BC%83%E8%A8%8E%E8%AB%96-%E5%A4%96%E5%8C%AF%E6%8A%95%E8%B3%87
Dcard註冊登入全部分類看板感情女孩美妝追星穿搭男孩有趣汽機車彩虹靈異星座美食寵物手作時事閒聊心情電影戲劇綜藝音樂動漫遊戲寶可夢攝影3C工作運動旅遊書籍語言留學詩文考試課程西斯Dcard廢文校園看板臺灣大學政治大學交通大學淡江大學東華大學成功大學北科大輔仁大學師範大學高雄師範大學彰化師範大學中央大學逢甲大學清華大學暨南大學東海大學高雄第一科大台科大中興大學元智大學聯合大學海洋大學中山大學臺北大學中央警察大學中正大學實踐大學陽明大學臺灣藝術大學世新大學臺北教育大學臺北藝術大學臺北市立大學文化大學東吳大學嘉義大學高雄大學中科大國北護義守大學長庚大學臺北醫學大學中原大學中山醫學大學文藻外語大學高應大長庚科大勤益科大銘傳大學宜蘭大學虎尾科大新竹教育大學大同大學臺北商業大學臺中教育大學屏東大學靜宜大學高雄海洋科大朝陽科大國防大學南臺科大高雄餐旅大學中國醫藥大學長榮大學屏科大明志科大亞洲大學健行科大樹德科技大學真理大學嘉南藥理大學高雄醫學大學明新科技大學臺東大學台南應用科大金門大學大葉大學南華大學嶺東科大輔英科技大學中國科大慈濟科技大學慈濟大學致理科技大學開南大學弘光科技大學臺南大學中華大學德明財經科大景文科大龍華科技大學國立雲林科技大學正修科大遠東科大吳鳳科大中臺科大國立澎湖科技大學崑山科大中華醫事科技大學臺灣體育運動大學僑光科技大學醒吾科技大學環球科技大學華梵大學佛光大學萬能科大亞東技術學院經國管理暨健康學院建國科大東南科大南開科大聖約翰科大明道大學美和科大臺南藝術大學康寧大學育達科大高苑科大中華科大元培醫事科大國立體育大學大仁科大台灣首府大學玄奘大學南榮科大中州科大華夏科大修平科大大華科大臺北城市科大馬偕醫學院德霖技術學院台北海洋技術學院南亞技術學院臺灣戲曲學院黎明技術學院稻江科技暨管理學院和春技術學院法鼓文理學院亞太創意技術學院臺灣觀光學院大漢技術學院蘭陽技術學院崇右技術學院東方設計學院大同技術學院聖母醫護管理專科學校康寧醫護暨管理專科學校耕莘健康管理專科學校國立臺南護理專科學校新生醫護管理專科學校高美醫護管理專科學校仁德醫護管理專科學校崇仁醫護管理專科學校馬偕醫護管理專科學校敏惠醫護管理專科學校樹人醫護管理專科學校育英醫護管理專科學校慈惠醫護管理專科學校國防醫學院中華民國陸軍專科學校臺灣警察專科學校L德明財經科大  幹話系@listening時事#新聞 印尼地震5月29日 16:24聽說印尼又地震了？6.多，而且算淺層（9公里）不知道現在那邊怎麼了，目前都沒看到消息，希望死傷少一點喜歡 4回應 1收藏文章追蹤文章回文共 1 則回應德明財經科大 資訊管理系B15月29日 17:311你的新聞連結跟內文呢？馬上回應搶第 2 樓...410服務條款常見問題問題回報徵才商業合作,5月29日 16:24,Dcard,https://www.dcard.tw/f/trending/p/226497937-%EF%BC%83%E6%96%B0%E8%81%9E-%E5%8D%B0%E5%B0%BC%E5%9C%B0%E9%9C%87
Dcard註冊登入全部分類看板感情女孩美妝追星穿搭男孩有趣汽機車彩虹靈異星座美食寵物手作時事閒聊心情電影戲劇綜藝音樂動漫遊戲寶可夢攝影3C工作運動旅遊書籍語言留學詩文考試課程西斯Dcard廢文校園看板臺灣大學政治大學交通大學淡江大學東華大學成功大學北科大輔仁大學師範大學高雄師範大學彰化師範大學中央大學逢甲大學清華大學暨南大學東海大學高雄第一科大台科大中興大學元智大學聯合大學海洋大學中山大學臺北大學中央警察大學中正大學實踐大學陽明大學臺灣藝術大學世新大學臺北教育大學臺北藝術大學臺北市立大學文化大學東吳大學嘉義大學高雄大學中科大國北護義守大學長庚大學臺北醫學大學中原大學中山醫學大學文藻外語大學高應大長庚科大勤益科大銘傳大學宜蘭大學虎尾科大新竹教育大學大同大學臺北商業大學臺中教育大學屏東大學靜宜大學高雄海洋科大朝陽科大國防大學南臺科大高雄餐旅大學中國醫藥大學長榮大學屏科大明志科大亞洲大學健行科大樹德科技大學真理大學嘉南藥理大學高雄醫學大學明新科技大學臺東大學台南應用科大金門大學大葉大學南華大學嶺東科大輔英科技大學中國科大慈濟科技大學慈濟大學致理科技大學開南大學弘光科技大學臺南大學中華大學德明財經科大景文科大龍華科技大學國立雲林科技大學正修科大遠東科大吳鳳科大中臺科大國立澎湖科技大學崑山科大中華醫事科技大學臺灣體育運動大學僑光科技大學醒吾科技大學環球科技大學華梵大學佛光大學萬能科大亞東技術學院經國管理暨健康學院建國科大東南科大南開科大聖約翰科大明道大學美和科大臺南藝術大學康寧大學育達科大高苑科大中華科大元培醫事科大國立體育大學大仁科大台灣首府大學玄奘大學南榮科大中州科大華夏科大修平科大大華科大臺北城市科大馬偕醫學院德霖技術學院台北海洋技術學院南亞技術學院臺灣戲曲學院黎明技術學院稻江科技暨管理學院和春技術學院法鼓文理學院亞太創意技術學院臺灣觀光學院大漢技術學院蘭陽技術學院崇右技術學院東方設計學院大同技術學院聖母醫護管理專科學校康寧醫護暨管理專科學校耕莘健康管理專科學校國立臺南護理專科學校新生醫護管理專科學校高美醫護管理專科學校仁德醫護管理專科學校崇仁醫護管理專科學校馬偕醫護管理專科學校敏惠醫護管理專科學校樹人醫護管理專科學校育英醫護管理專科學校慈惠醫護管理專科學校國防醫學院中華民國陸軍專科學校臺灣警察專科學校輔英科技大學時事#討論  中國近日大專院校演講女德5月29日 21:37劇情大概就是這樣  所以找這麼說傳統的女性就是要三從四德婚姻出狀況要自我檢討的樣子喜歡 1回應 0收藏文章追蹤文章回文共 0 則回應馬上回應搶第 1 樓...100服務條款常見問題問題回報徵才商業合作,5月29日 21:37,Dcard,https://www.dcard.tw/f/trending/p/226499387-%EF%BC%83%E8%A8%8E%E8%AB%96--%E4%B8%AD%E5%9C%8B%E8%BF%91%E6%97%A5%E5%A4%A7%E5%B0%88%E9%99%A2%E6%A0%A1%E6%BC%94%E8%AC%9B%E5%A5%B3%E5%BE%B7
Dcard註冊登入全部分類看板感情女孩美妝追星穿搭男孩有趣汽機車彩虹靈異星座美食寵物手作時事閒聊心情電影戲劇綜藝音樂動漫遊戲寶可夢攝影3C工作運動旅遊書籍語言留學詩文考試課程西斯Dcard廢文校園看板臺灣大學政治大學交通大學淡江大學東華大學成功大學北科大輔仁大學師範大學高雄師範大學彰化師範大學中央大學逢甲大學清華大學暨南大學東海大學高雄第一科大台科大中興大學元智大學聯合大學海洋大學中山大學臺北大學中央警察大學中正大學實踐大學陽明大學臺灣藝術大學世新大學臺北教育大學臺北藝術大學臺北市立大學文化大學東吳大學嘉義大學高雄大學中科大國北護義守大學長庚大學臺北醫學大學中原大學中山醫學大學文藻外語大學高應大長庚科大勤益科大銘傳大學宜蘭大學虎尾科大新竹教育大學大同大學臺北商業大學臺中教育大學屏東大學靜宜大學高雄海洋科大朝陽科大國防大學南臺科大高雄餐旅大學中國醫藥大學長榮大學屏科大明志科大亞洲大學健行科大樹德科技大學真理大學嘉南藥理大學高雄醫學大學明新科技大學臺東大學台南應用科大金門大學大葉大學南華大學嶺東科大輔英科技大學中國科大慈濟科技大學慈濟大學致理科技大學開南大學弘光科技大學臺南大學中華大學德明財經科大景文科大龍華科技大學國立雲林科技大學正修科大遠東科大吳鳳科大中臺科大國立澎湖科技大學崑山科大中華醫事科技大學臺灣體育運動大學僑光科技大學醒吾科技大學環球科技大學華梵大學佛光大學萬能科大亞東技術學院經國管理暨健康學院建國科大東南科大南開科大聖約翰科大明道大學美和科大臺南藝術大學康寧大學育達科大高苑科大中華科大元培醫事科大國立體育大學大仁科大台灣首府大學玄奘大學南榮科大中州科大華夏科大修平科大大華科大臺北城市科大馬偕醫學院德霖技術學院台北海洋技術學院南亞技術學院臺灣戲曲學院黎明技術學院稻江科技暨管理學院和春技術學院法鼓文理學院亞太創意技術學院臺灣觀光學院大漢技術學院蘭陽技術學院崇右技術學院東方設計學院大同技術學院聖母醫護管理專科學校康寧醫護暨管理專科學校耕莘健康管理專科學校國立臺南護理專科學校新生醫護管理專科學校高美醫護管理專科學校仁德醫護管理專科學校崇仁醫護管理專科學校馬偕醫護管理專科學校敏惠醫護管理專科學校樹人醫護管理專科學校育英醫護管理專科學校慈惠醫護管理專科學校國防醫學院中華民國陸軍專科學校臺灣警察專科學校A麥當勞叔叔@andy106379時事#新聞 前議員破壞石像5月29日 04:54既八田與一事件後，前任立委又砸碎了國小的石像。我不懂他這行為想表達什麼？盲目的毀壞就能彌補前人的傷痛?八田與一事件後我看網上竟然有人支持他的行為。。。以我看在這樣下去臺大，總統府等不就遭殃了。想問一下各個大學生對此事件的想法________________________內文:曾經破壞八田與一銅像的前台北市議員李承龍，昨（28）日晚間又搞破壞了！他跟一名女子來到台北逸仙國小校門口，拿鐵鎚砸毀兩尊有百年歷史的石犬像，遭到警方逮捕。根據瞭解，這座被砸毀的石像可以追朔到日治時代，建造於北投神社，二次大戰時被摧毀，逸仙國小10年前進行校園工程時尋獲，並進行修補，對學校而言意義非凡，如今石像遭到仇日人士破壞，校方將對動手的這兩人提告。文章出處:https://today.line.me/TW/article/6c83a21623f91088121cb3dd72d1a912ca4145782419426782a884d767a8a157?openExternalBrowser=1喜歡 5回應 9收藏文章追蹤文章回文共 9 則回應D愉悅公爵B15月29日 05:171可能過去一堆百年古蹟發爐是這些人幹的只是這幾次更明目張膽還錄影放網路，推測目的跟is網路公開行刑的目的一樣，目的是宣示挑釁淡江大學 ?史學系B25月29日 05:251一堆神經病，身為歷史人看到這些愚人真的是很生氣彰化師範大學B35月29日 05:251跟砍蔣介石銅像的人有87分像國立成功大學B45月29日 07:013B2可是最開始是蔡丁貴砍蔣中正的腦袋耶別睡著呀中原大學B55月29日 07:230?犬不就是中國的石獅子嗎？我以為這是常識呢昆士蘭科技大學B65月29日 09:530台灣要開始文革了淡江大學 ?史學系B75月29日 10:593B4 我是指全部破壞古跡文物的，這麼快跳出來是想？？？B瘋流宅主B85月29日 11:413愛支病真的豪口怕國立臺灣大學B95月29日 12:403也是啦~ 中正紀念堂蓋沒有五十年都可以當古蹟 百年石獅子比做介石像也合情合理馬上回應搶第 10 樓...590服務條款常見問題問題回報徵才商業合作,5月29日 04:54,Dcard,https://www.dcard.tw/f/trending/p/226494043-%EF%BC%83%E6%96%B0%E8%81%9E-%E5%89%8D%E8%AD%B0%E5%93%A1%E7%A0%B4%E5%A3%9E%E7%9F%B3%E5%83%8F
Dcard註冊登入全部分類看板感情女孩美妝追星穿搭男孩有趣汽機車彩虹靈異星座美食寵物手作時事閒聊心情電影戲劇綜藝音樂動漫遊戲寶可夢攝影3C工作運動旅遊書籍語言留學詩文考試課程西斯Dcard廢文校園看板臺灣大學政治大學交通大學淡江大學東華大學成功大學北科大輔仁大學師範大學高雄師範大學彰化師範大學中央大學逢甲大學清華大學暨南大學東海大學高雄第一科大台科大中興大學元智大學聯合大學海洋大學中山大學臺北大學中央警察大學中正大學實踐大學陽明大學臺灣藝術大學世新大學臺北教育大學臺北藝術大學臺北市立大學文化大學東吳大學嘉義大學高雄大學中科大國北護義守大學長庚大學臺北醫學大學中原大學中山醫學大學文藻外語大學高應大長庚科大勤益科大銘傳大學宜蘭大學虎尾科大新竹教育大學大同大學臺北商業大學臺中教育大學屏東大學靜宜大學高雄海洋科大朝陽科大國防大學南臺科大高雄餐旅大學中國醫藥大學長榮大學屏科大明志科大亞洲大學健行科大樹德科技大學真理大學嘉南藥理大學高雄醫學大學明新科技大學臺東大學台南應用科大金門大學大葉大學南華大學嶺東科大輔英科技大學中國科大慈濟科技大學慈濟大學致理科技大學開南大學弘光科技大學臺南大學中華大學德明財經科大景文科大龍華科技大學國立雲林科技大學正修科大遠東科大吳鳳科大中臺科大國立澎湖科技大學崑山科大中華醫事科技大學臺灣體育運動大學僑光科技大學醒吾科技大學環球科技大學華梵大學佛光大學萬能科大亞東技術學院經國管理暨健康學院建國科大東南科大南開科大聖約翰科大明道大學美和科大臺南藝術大學康寧大學育達科大高苑科大中華科大元培醫事科大國立體育大學大仁科大台灣首府大學玄奘大學南榮科大中州科大華夏科大修平科大大華科大臺北城市科大馬偕醫學院德霖技術學院台北海洋技術學院南亞技術學院臺灣戲曲學院黎明技術學院稻江科技暨管理學院和春技術學院法鼓文理學院亞太創意技術學院臺灣觀光學院大漢技術學院蘭陽技術學院崇右技術學院東方設計學院大同技術學院聖母醫護管理專科學校康寧醫護暨管理專科學校耕莘健康管理專科學校國立臺南護理專科學校新生醫護管理專科學校高美醫護管理專科學校仁德醫護管理專科學校崇仁醫護管理專科學校馬偕醫護管理專科學校敏惠醫護管理專科學校樹人醫護管理專科學校育英醫護管理專科學校慈惠醫護管理專科學校國防醫學院中華民國陸軍專科學校臺灣警察專科學校喬治梅森大學 人文社科學院經濟學專業時事#討論 我對於大麻的看法5月29日 14:00本人是大陸人，現在在美國唸書。在大陸文化堙A毒品是一種很可怕的存在。似乎只要有人聽到「吸毒」就會自動聯想到「品德低下」，「十惡不赦」。在法律上來說，吸毒也是重罪。這一點我想兩岸似乎有些相似。以前詢問過台灣朋友，吸毒在台灣也算是很嚴重的犯罪。在來到美國念書之後，除了平時的學習以外，和美國朋友接觸的時間比較多，自然也就會開始了解他們的想法。在他們眼中，大麻作為一種毒品，並沒有讓人感覺很恐怖。以我的室友為例，他就吸大麻，頻率大概是兩三週一次，有時候是一個月一次。除此之外，他和「正常人」沒有任何不同。他的品德，他的個性都非常好。在他眼中，大麻就像酒精一樣，只是一種讓你high的方法而已。當然並不是說所有美國人都吸或者贊成吸大麻，我也沒有調查過到底有多少人在吸。這種文化的差異讓我開始思考：我們到底為什麼反對大麻呢？其他毒品很好理解：對身體危害大，成癮性高。那麼大麻呢？在我小的時候，學校會給我們學生播放禁毒宣傳片，片中的人有的用頭撞牆，有的自殘，有的甚至自殺。我想我對毒品的抵觸應該是從那時開始萌芽的吧。但是這些跟大麻有什麼關係？不好意思地說，我吸過大麻，和我室友一起。我不太喜歡那種飄飄然的感覺，事後也沒有想要再吸的衝動，只覺得很蠢。我現在已經慢慢開始思考這個問題：大麻作為一種讓人達到興奮的工具，和酒精的差別其實並不大，它對身體的危害和成癮性可能都沒有酒精高。那麼我們為什麼要去反對它？從道德層面來說，我個人其實並沒有贊同大麻合法化，只是覺得把吸食大麻定這麼重的罪有點匪夷所思。因為本人是學經濟的，所以從經濟層面來說，本人是支持大麻合法化的，我認為這樣反而有助於減少大麻的消費。喜歡 6回應 7收藏文章追蹤文章回文共 7 則回應遠東科大 數位媒體設計與管理系B15月29日 14:081因為修改法律需要一輩子+民眾正確觀念無法落實+一定有人為反對而反對+政府無法完全管制(導致濫用)=(??。)銘傳大學B25月29日 14:301[翻譯] 亞當殺風景 - 大麻為什麼非法？吸大麻是重罪應該跟影片裡的歷史有關https://www.google.com.tw/url?sa=t&source=web&rct=j&url=http://hornydragon.blogspot.com/2016/11/weed.html%3Fm%3D1&ved=0ahUKEwit0YyCp5XUAhVGFJQKHThYCDwQFggaMAA&usg=AFQjCNEZSL58MLRokA5-31VJhwPwpBXLjQ&sig2=yTIZRsF8ACXnEjBfARH6jQ台科大B35月29日 15:280我也覺得吸大麻不是很嚴重，畢竟成癮性來說菸酒也有，大麻的危害其實不是很大龍華科技大學B45月29日 15:320政府沒辦法藉由大麻賺錢吧？台科大B55月29日 15:330B4大麻公賣/徵大麻稅捐，可以賺很多錢好嗎昆士蘭科技大學B65月29日 15:550據說當初理應是香菸列為非法但是菸商在背後大力反對世新大學B75月29日 18:370我覺得可能跟我們清朝的時候鴉片有很大原因吧，歷史記憶讓我們對毒品特別排斥。馬上回應搶第 8 樓...670服務條款常見問題問題回報徵才商業合作,5月29日 14:00,Dcard,https://www.dcard.tw/f/trending/p/226496680-%EF%BC%83%E8%A8%8E%E8%AB%96-%E6%88%91%E5%B0%8D%E6%96%BC%E5%A4%A7%E9%BA%BB%E7%9A%84%E7%9C%8B%E6%B3%95
"Dcard註冊登入全部分類看板感情女孩美妝追星穿搭男孩有趣汽機車彩虹靈異星座美食寵物手作時事閒聊心情電影戲劇綜藝音樂動漫遊戲寶可夢攝影3C工作運動旅遊書籍語言留學詩文考試課程西斯Dcard廢文校園看板臺灣大學政治大學交通大學淡江大學東華大學成功大學北科大輔仁大學師範大學高雄師範大學彰化師範大學中央大學逢甲大學清華大學暨南大學東海大學高雄第一科大台科大中興大學元智大學聯合大學海洋大學中山大學臺北大學中央警察大學中正大學實踐大學陽明大學臺灣藝術大學世新大學臺北教育大學臺北藝術大學臺北市立大學文化大學東吳大學嘉義大學高雄大學中科大國北護義守大學長庚大學臺北醫學大學中原大學中山醫學大學文藻外語大學高應大長庚科大勤益科大銘傳大學宜蘭大學虎尾科大新竹教育大學大同大學臺北商業大學臺中教育大學屏東大學靜宜大學高雄海洋科大朝陽科大國防大學南臺科大高雄餐旅大學中國醫藥大學長榮大學屏科大明志科大亞洲大學健行科大樹德科技大學真理大學嘉南藥理大學高雄醫學大學明新科技大學臺東大學台南應用科大金門大學大葉大學南華大學嶺東科大輔英科技大學中國科大慈濟科技大學慈濟大學致理科技大學開南大學弘光科技大學臺南大學中華大學德明財經科大景文科大龍華科技大學國立雲林科技大學正修科大遠東科大吳鳳科大中臺科大國立澎湖科技大學崑山科大中華醫事科技大學臺灣體育運動大學僑光科技大學醒吾科技大學環球科技大學華梵大學佛光大學萬能科大亞東技術學院經國管理暨健康學院建國科大東南科大南開科大聖約翰科大明道大學美和科大臺南藝術大學康寧大學育達科大高苑科大中華科大元培醫事科大國立體育大學大仁科大台灣首府大學玄奘大學南榮科大中州科大華夏科大修平科大大華科大臺北城市科大馬偕醫學院德霖技術學院台北海洋技術學院南亞技術學院臺灣戲曲學院黎明技術學院稻江科技暨管理學院和春技術學院法鼓文理學院亞太創意技術學院臺灣觀光學院大漢技術學院蘭陽技術學院崇右技術學院東方設計學院大同技術學院聖母醫護管理專科學校康寧醫護暨管理專科學校耕莘健康管理專科學校國立臺南護理專科學校新生醫護管理專科學校高美醫護管理專科學校仁德醫護管理專科學校崇仁醫護管理專科學校馬偕醫護管理專科學校敏惠醫護管理專科學校樹人醫護管理專科學校育英醫護管理專科學校慈惠醫護管理專科學校國防醫學院中華民國陸軍專科學校臺灣警察專科學校長庚大學時事#新聞 從柯潔敗給AlphaGo說AI5月29日 01:56人工智慧真的以後會慢慢出現，如果十年後把人工智慧跟自己相比，你覺得各自的優勢是什麼？https://pcdailyon.com/20170529_883233.html5月27日，中國圍棋峰會人機大戰在桐鄉落下帷幕，柯潔九段執白對陣DeepMind人工智能AlphaGo,最終柯潔以0比3負於AlphaGo。結果出來之後，甚至說還沒開始比，科技界的大佬就斷言，柯潔毫無勝算可言，因為2016年3月AlphaGo的1.0版就以4：1的總分戰勝當時的圍棋世界冠軍、職業九段選手李世石，如今與柯潔對陣的是AlphaGo是最新的2.0版，其間AlphaGo又通過各路高手對弈，深度學習迭代，棋藝早已超出了人類的極限，此次對弈與其說是競技，不如說人工智能（Artificial intelligence,簡稱AI）實力的展示。盡管個人不諳棋道，不妨借此人機大戰討論一下現在抄的火熱的人工智能。AlphaGo是什麼？AlphaGo是一款人工阿爾法圍棋（AlphaGo）智能程序，由Google（Google）旗下DeepMind公司的戴密斯·哈薩比斯、大衛·席爾瓦、黃士傑與他們的團隊開發。其主要工作原理是“深度學習”。（源自百度）其實AlphaGo作為AI厲害之處不在於程序本身，而是它會出現在網絡這個由數十億電腦芯片組成的超級組織中，每一次對弈接觸都是AlphaGo智能的分享和貢獻。AlphaGo在與柯潔對弈前，輸入了至少三千萬種棋局，自我博弈超過一百萬次。而且每次對弈都會計算漏洞，並不斷提高準確率，基本不會出現失誤。這樣AlphaGo的訓練量，所見棋局和進步速度遠超過柯潔，而柯潔滿打滿算也就五萬多局。如此柯潔以0:3敗給AlphaGo也不足為奇？AlphaGo與柯潔的棋藝具有可比性嗎？當然不具備可比性，AlphaGo可以24小時不停歇的計算運轉，海量的數據收集為人工智能提供了訓練條件，而且每次都能通過算法累積迭代自己的準確率，越來越趨近於精準。而柯潔需要不斷的用腦力思考，憑靠多年的感覺和經驗推算一步自認為合理的棋，本質來講就是人和機器比力氣，看誰大。只是從圍棋這項高級智力活動來PK罷了。所以柯潔輸了也理所當然，他的精彩表現已經充分體現了人類圍棋水平的極限。單純的從比賽競技來說，怎麼樣才具有可比性呢？當然柯潔與AlphaGo對弈，已經是人和AI之間的PK,量級不在一個層次，兩個AI之間進行PK呢？不具有觀賞性，盡管是人工智能，那也會變成簡單的數量累積，看誰之前累積的多。如果可以加入人為判斷的話，那麼“半人馬”的方式是比較合適的，也就是對弈雙方，兩邊都是AI+棋手，AI給出選擇，棋手進行判定，這樣從比賽來說，會公平一些。AlphaGo勝利，給了我們什麼樣的啟示？從目前人類的棋藝水平，AlphaGo遠超人類，近乎上帝水平。因為AlphaGo橫向積累的大量的數據，還有深度學習的能力，它的驚人表現總是超出人類的想象，人類在下棋過程中往往會受到以往經驗的約束，經驗幫人對策的同時也會成為思維的束縛，一般都是繼承中發揚，然後在不斷的比賽對弈中一點一點的提高自己的棋藝。這是人類的慣常做法，但是AI卻不同，他依據自己的算法，在海量數據里訓練自己更加精準的思維。AI其實加速訓練，極大的推動了世間圍棋水平，這樣的話我們要是能夠拋棄棋譜，學習AI，我們的圍棋水平會得到大幅度的提升。我們問AlphaGo與柯潔對弈公平嗎？其實是抬高了AlphaGo的屬性位置，它本身只是一款AI程序而已，由於它自身的學習迭代，它也不僅僅是人類意圖的替代了。以往我們總說人工智能就是機器人，按照人的意圖去做一些人類不願意去做懶得去做的事，比如打掃衛生、救火、生產線的機器提高產能，他們將像仆人和奴隸一樣，按照我們的意圖幫助我們更好的生活，甚至機器效能太高後，還有一大部分面臨著失業的風險，這是傳統的人工智能。剛剛說AlphaGo已經不是人類意圖的替代，它的表現已經超出了人類的想象，人工智能變成了“人工智慧”，它作為我們最重要的思維產品也已經不是比人類想得更快，更好，而是能思考人類無法思考的東西，這種異乎世人常態的思維才是我們真正所稀缺的。不僅僅是圍棋，還有醫院、教育、汽車運輸都將因為人工智能變成革命性的變化。AI高度發展之後，我們的優勢在哪堙H馬雲先生談論AlphaGo以3:0戰勝柯潔說“So TM what?”,其實貶斥的是人與AI對弈已經失去圍棋的樂趣，輸給了冰冷的機器又能說明什麼呢？從倫理道德來講，強調的還是人擁有其本身的特質，比如情緒，這些是機器永遠無法具備的。人的喜怒哀樂這永遠是機器所無法體會得到的，AI永遠都在正確的事情，用冰冷的數據打造美麗的世界，它終究無法取代人類，但是能夠輔助人類的獲得更好的生活。如果AI可以將人們的感覺量化成數據，然後重新組合達到人類想要的樣子，那麼一切將來得太容易，反而失去了味道。主觀性的判斷將是我們的優勢，比如審美，再如來一場驚心動魄的愛戀，這件事AI真的非常難以做到。我們的憂慮在哪堙H隨著AI的發展，很多工作將會被替代，現在看到的智能駕駛，簡單的服務業，甚至新華社的新聞稿都由AI來編寫，那類似這樣很容易被替代的工種，我們將何去何從？那要麼投入製造AI這個行業，要麼去AI無法替代的行業，比如書法、繪畫、心理?詢師、考古、外科大夫、動物飼養員等那些不容易量化，由複雜要素構成而AI無法模擬的行業。總結盡管我們偏安一隅生活在自己的小圈子里，但是科技的發展正由少數人把持著，並不斷推動人類科技文明的進步，也慢慢的影響著我們的生活，電腦上彈出的廣告越來越精準了，汽車的功能越來越智能了，在這股進步的浪潮里，不知你是否有擔心信息缺失，生怕落入人後的焦慮？那麼在知識技能的投入再怎麼多都不算過分。喜歡 3回應 3收藏文章追蹤文章回文共 3 則回應昆士蘭科技大學B15月29日 04:120別怕我們有前瞻建設D愉悅公爵B25月29日 05:250聽不懂可以點開中文字幕義守大學B35月29日 12:450人類目前的勞動被取代是遲早的事情就算給了智能AI一定的限制它也會自己突破電影：機械公敵 的劇情其實就演出了很多問題科學研發到最後就是捨棄肉體資訊化別說不可能那個也是科學家最終目標，把個人意識整個資訊化人不在死，只是無限的換身體就算有無限個複製人 只要想著：我思故我在的理念就好馬上回應搶第 4 樓...330服務條款常見問題問題回報徵才商業合作",5月29日 01:56,Dcard,https://www.dcard.tw/f/trending/p/226493422-%EF%BC%83%E6%96%B0%E8%81%9E-%E5%BE%9E%E6%9F%AF%E6%BD%94%E6%95%97%E7%B5%A6AlphaGo%E8%AA%AAAI
"Dcard註冊登入全部分類看板感情女孩美妝追星穿搭男孩有趣汽機車彩虹靈異星座美食寵物手作時事閒聊心情電影戲劇綜藝音樂動漫遊戲寶可夢攝影3C工作運動旅遊書籍語言留學詩文考試課程西斯Dcard廢文校園看板臺灣大學政治大學交通大學淡江大學東華大學成功大學北科大輔仁大學師範大學高雄師範大學彰化師範大學中央大學逢甲大學清華大學暨南大學東海大學高雄第一科大台科大中興大學元智大學聯合大學海洋大學中山大學臺北大學中央警察大學中正大學實踐大學陽明大學臺灣藝術大學世新大學臺北教育大學臺北藝術大學臺北市立大學文化大學東吳大學嘉義大學高雄大學中科大國北護義守大學長庚大學臺北醫學大學中原大學中山醫學大學文藻外語大學高應大長庚科大勤益科大銘傳大學宜蘭大學虎尾科大新竹教育大學大同大學臺北商業大學臺中教育大學屏東大學靜宜大學高雄海洋科大朝陽科大國防大學南臺科大高雄餐旅大學中國醫藥大學長榮大學屏科大明志科大亞洲大學健行科大樹德科技大學真理大學嘉南藥理大學高雄醫學大學明新科技大學臺東大學台南應用科大金門大學大葉大學南華大學嶺東科大輔英科技大學中國科大慈濟科技大學慈濟大學致理科技大學開南大學弘光科技大學臺南大學中華大學德明財經科大景文科大龍華科技大學國立雲林科技大學正修科大遠東科大吳鳳科大中臺科大國立澎湖科技大學崑山科大中華醫事科技大學臺灣體育運動大學僑光科技大學醒吾科技大學環球科技大學華梵大學佛光大學萬能科大亞東技術學院經國管理暨健康學院建國科大東南科大南開科大聖約翰科大明道大學美和科大臺南藝術大學康寧大學育達科大高苑科大中華科大元培醫事科大國立體育大學大仁科大台灣首府大學玄奘大學南榮科大中州科大華夏科大修平科大大華科大臺北城市科大馬偕醫學院德霖技術學院台北海洋技術學院南亞技術學院臺灣戲曲學院黎明技術學院稻江科技暨管理學院和春技術學院法鼓文理學院亞太創意技術學院臺灣觀光學院大漢技術學院蘭陽技術學院崇右技術學院東方設計學院大同技術學院聖母醫護管理專科學校康寧醫護暨管理專科學校耕莘健康管理專科學校國立臺南護理專科學校新生醫護管理專科學校高美醫護管理專科學校仁德醫護管理專科學校崇仁醫護管理專科學校馬偕醫護管理專科學校敏惠醫護管理專科學校樹人醫護管理專科學校育英醫護管理專科學校慈惠醫護管理專科學校國防醫學院中華民國陸軍專科學校臺灣警察專科學校Erealtw@everygods9487時事＃舊聞　菲律賓緝毒後記5月28日 14:34事件：菲律賓的反毒戰爭日期：2016年7月1日地點：菲律賓你們知道的，我也只是個人，我也在佳節報佳音——Merry Christmas，你們這些藥頭、小偷、貪腐官員和罪犯，還有那些讓菲律賓人活在苦痛中的混蛋——你們要是再不懂得收手，繼續你們的暴行，那麼...這就會是你們聽見的，最後一聲Merry Christmas。　　這部「恐嚇佳音」，是菲律賓總統羅德里戈．杜特蒂（Rodrigo Duterte）2015年於總統大選前，拍攝的宣傳短片；一年後，杜特蒂成功地當選了總統，自2016年6月就職後，他也實現了選前「殺無赦」的反毒承諾，針對毒梟、藥頭、毒品成癮者，發動了血腥的全國大掃蕩。　　根據菲律賓警察的官方數據，自2016年6月30日杜特蒂就職開始，至12月13日年度統計截止為止，菲律賓的掃毒戰爭一共通報有5,882人死亡；其中，超過2,000人因「拒捕」而死於警察槍下，但另外被「不明槍手」殺害者，卻高達3,800多人。　　但殺了那麼多人，菲律賓的治安變好了嗎？總是暴言不斷的杜特蒂，他的超狂掃蕩真的沒有問題？半年之間，誰又是那些替他「主持正義」的不明槍手呢？  ▎鐵腕真的有效嗎？　　杜特蒂總統上台之後，菲律賓的治安數據出現了極為明顯的變化——犯罪率大幅降低，謀殺率卻翻倍狂飆。根據菲律賓警政署在12月21日所公佈的數據，杜特蒂就任半年以來，菲律賓的整體犯罪率比去年同期下滑了31%。其中損及財物的犯罪數量，大幅降低了42.5%，像是強盜（-38.78%）、偷竊（-43.97%）、偷車（-41.45%）、牲口竊盜（-57.96%）都明顯改善，這也讓各地民眾感受到治安的「馬上好轉」。　　但與此同時，菲律賓的謀殺率卻飆漲了51％——這也是各項犯行統計，唯一出現漲幅的犯罪數據。菲律賓的突然爆增的謀殺率，也被認為是杜特蒂反毒戰爭的副產品。　　自今年夏天以來，菲律賓警方與其扶植的民兵武裝，在全國各地都發起了掃毒肅清，但查緝的過程中，警方的搜查行動卻往往以對方「拒捕」為由開火，在半年內擊斃了超過2,000名毒品相關的嫌疑犯。　　官方獨立的菲律賓人權委員會（CHR）表示，過去半年內菲律賓警方上呈的用槍報告中，超過97%的案件都以「擊斃拒捕嫌犯」結案，過高的致死率也讓CHR懷疑菲國警方有捏造拒捕數據，甚至掩蓋「法外殺人」的私刑事實；然而對於濫殺的指控，菲國警方卻不太在意，緝毒署發言人甚至表示：我猜有些警察天生就是神射手——他們打得神準，很棒啊。　　反毒戰爭的擴張，讓菲律賓民眾陷入微妙的矛盾情緒。民調顯示，上任半年後，菲律賓民眾對於杜特蒂總統施政的整體滿意度仍高達63%；其中，85％的民眾支持杜特蒂總統所掀起的反毒行動。但卻也有78%的受訪者，擔心自己會成為血腥掃蕩下，下一個被波及的無辜受害者。 ▎死亡小隊：當街處決與分屍　　馬托巴托表示，在這段期間，DDS的摩托車隊會在城市間巡弋等待命令，「處決任務」的場合，也多在人口稠密的大街道上：殺人後我們從不用跑的，我們都用走的混在人群裡，然後消失。這一方面是殺雞儆猴，二方面也因為警方的姑息讓DDS有恃無恐；除了當街殺人之外，DDS也接受暗殺指示，他們通常會在綁架目標後凌遲對方，並讓「查理．邁可」（Charlie Mike）——杜特蒂在DDS內的代號——端詳之後再殺了對方，「然後一定要把屍體肢解，或是分段燒掉、或是丟到海裡，就是讓這些名字『人間蒸發』。」　　此外馬托巴托還指控杜特蒂曾在1993年，下令伏擊菲律賓調查局（NBI）前來納卯糾察的幹員，並於視察現場後，親手打光了「兩個烏茲衝鋒槍的彈匣」，當場擊斃了奄奄一息的對方。法庭上，馬托巴托巨細靡遺地解釋了多起滅屍過程，有焚屍、有分段掩埋、有沉到沼澤餵鱷魚，講到激動時刻，一頭灰髮的馬托巴托還多次落淚，不能自己。　　他表示，2013年年初時，他在納卯見到三名年輕的女性，因為被懷疑與販毒網路牽扯，因此被DDS抓起來後姦殺刺死——這是馬托巴托第一次懷疑自己的所作所為，並動起了「脫隊」的念頭。馬托巴托在2013年年底向合作多年「情如兄弟」的拉斯卡涅斯表示，自己已有年紀，想要洗手不幹，之後也藉故缺席多次DDS的擊殺任務。　　但與此同時，DDS內部也陸續爆出了多起叛逃者被組織處決的消息，因此馬托巴托才決定逃離納卯，並輾轉潛入了馬尼拉尋求司法部的庇護。然而這段作證的過程，並無法阻止各地死亡小組的繼續行動，甚至聯馬托巴托本人也受到威脅。 ▎殺小的不殺大的，這場血戰有沒有盡頭？　　死亡小隊風波後，杜特蒂也多次發表自爆言論，在12月接受《法新社》的訪問時，杜特蒂甚至回憶自己曾在年輕時「到街上巡邏殺壞人」。這些誇張言論，也陸續引發國會反對黨議員意欲發起調查的聲浪，但杜特蒂本人卻總以「沒有啊，我亂講你還當真」為回應。　　國際間對菲律賓人權現況的擔憂，雖然沒影響草根民意對杜特蒂的支持，但包括歐盟、美國與聯合國在內，卻多次發出對菲律賓反毒戰爭失控的擔憂。在過去，菲律賓的反毒行動多倚賴美國緝毒局（DEA）支援，包括跨國線報、專家訓練與器材物資，菲國都與美方同調運作，直到杜特蒂上台後，多次透過暴言話術表達反美言論後，雙方的合作才出現變數。　　根據《路透社》報導，在菲律賓毒品市場，大批的毒品原料都是透過中國或華裔黑幫所輸入，其中雖也有港台幫派的參與，但最大宗的進口與合作來源卻仍是中國。菲律賓緝毒署的官員透露，儘管反毒戰爭殺得腥風血雨，但主要遭到處決的都仍是下游的成癮者或藥頭，跨國販毒網路的真正核心，至今還未受到直接的打擊。　　儘管杜特蒂政府曾多次召見中國大使要求北京方面加強執法，杜特蒂本身在訪中的同時，也意圖加強兩國反毒的合作，然而中方配合的成效、以及菲國是否能在美國DEA縮手後維持跨國反毒的能量，至今也是各方所關注的長期焦點。　　但至少是現在，各地橫行的死亡小隊，與總是遇到拒捕、也總是能擊斃嫌疑犯的菲律賓警察，短時間內仍將是杜特蒂反毒戰爭的「政績推手」。　　◎看向菲律賓漠視人權的極致，反觀台灣近期對於所謂同志者們的聲音是否太過苛責；再者『死刑』的存廢議題喋喋不休的意義若以杜特蒂總統的措施為借鏡：「永遠只獵捕下游的結果傷人，這場殺戮將永不停止。」來看，是否針對犯罪問題去思考解決辦法，未雨綢繆，而非在醉心於設計處罰方法，就鄭捷、女童割喉等，應該從社會福利與學校教育，甚至心理輔導的層面加以防患未然，而非等著悲劇降臨再來想處決手段。原文網址：https://global.udn.com/global_vision/story/8663/2194295喜歡 6回應 8收藏文章追蹤文章回文共 8 則回應龍華科技大學B15月28日 14:451所以我們要很有愛心常常去關心這些需要被關心的嗎，他們一點都不可憐啊，不值得同情，比那些犯罪者可憐的人多的是，那些人自甘墮落啊。E原PO - realtwB25月28日 15:230B1 不要不要，我們要趕盡殺絕，殺光他們。反觀可憐的人為什麼可憐？窮，自己不努力，不值得可憐，草莓族、老米蟲都該死；殘，先天性就是可悲，前輩子壞事做盡，活該，至於後天，三寶自作孽不可活，死好；獨居老人，自己年輕過度苛責孩子，不然就是教育失敗，導致老了沒人要，不值得同情。還是您是指失戀的人很可憐，投資失敗的人很可憐，落選的政客很可憐，沒考上志願的人可憐，抽菸上癮的人可憐，還是人不可憐，馬戲團的海豚可憐，污名化的鯊魚可憐，被當肉類畜養的豬雞牛羊可憐，被棄養的狗狗可憐。可憐的人事物實在太多了，多到可以挑自己喜歡的去可憐，可憐什麼種類會比較受歡迎呢？您一定要教我。龍華科技大學B35月28日 15:311B2 我的意思是，沒有必要對那些犯罪者浪費時間，也不需要去同情他的遭遇，或是去揣測為什麼會做這種事，是因為情傷?還是人生不順遂?錯就是錯，還要同情他?比他可憐的人多的是，但是那些人並沒有去做什麼傷天害理的事啊。台科大B45月28日 16:086B1 沒叫你同情罪犯，本文重點也不是要你同情罪犯。 超過2000人因拒捕被擊斃，3800人被不明槍手殺害，鐵腕重刑的下場就是會這樣你想想，這2000人有多少是真的罪犯? 既然政府默許警方逕行擊斃拒捕罪犯，菲律賓又已經廢死，拒捕會死而投降不會，為什麼罪犯還會拒捕?  他們有多少人是被警方挾帶私仇/索賄不成而被處死的? 臺灣人才該思考，每次兇殺案都嚷嚷要處死罪犯到底是不是正當做法，而不是理盲得用二元正義觀審判E原PO - realtwB55月28日 16:081B3 所以便讓這些人一而再，再而三的在社會上出現，這樣便是您期許的台灣社會嗎？遭遇、處境與台灣的政治、風俗、經濟有著相對與絕對的關係，你可以談狼師、可以談北捷隨機殺人、也可以談到為什麼有人會反對同性平權。你所謂沒做過傷天害理的人難道不是只是還沒「做」而已嗎？這些都是潛在犯罪因子。還是做了便也只是讓你將他排除在可憐名單外而已？只考慮頂新出了黑心食品，等著魏應充挨刀，卻不去看為何台灣會培養出這種經商人士，那麼未來還會有多少魏應充數也數不完。昆士蘭科技大學B65月28日 16:223有多少是真正的毒品犯罪者？死者之中有沒有反對的政治異己 ？會不會變成菲律賓的228?台科大B75月28日 16:270B6個人覺得菲律賓現況比228或白色恐怖還可怕。 起碼當時臺灣遠離政治的人不太容易受到迫害，菲律賓現在是警察可以任意向你索賄，你敢拒絕就直接一槍再塞一包毒品說你拒捕了...中原大學B85月29日 02:500菲律賓人的優質選擇別忘了杜特蒂的支持率還是很高的馬上回應搶第 9 樓...680服務條款常見問題問題回報徵才商業合作",5月28日 14:34,Dcard,https://www.dcard.tw/f/trending/p/226490759-%EF%BC%83%E8%88%8A%E8%81%9E%E3%80%80%E8%8F%B2%E5%BE%8B%E8%B3%93%E7%B7%9D%E6%AF%92%E5%BE%8C%E8%A8%98
"Dcard註冊登入全部分類看板感情女孩美妝追星穿搭男孩有趣汽機車彩虹靈異星座美食寵物手作時事閒聊心情電影戲劇綜藝音樂動漫遊戲寶可夢攝影3C工作運動旅遊書籍語言留學詩文考試課程西斯Dcard廢文校園看板臺灣大學政治大學交通大學淡江大學東華大學成功大學北科大輔仁大學師範大學高雄師範大學彰化師範大學中央大學逢甲大學清華大學暨南大學東海大學高雄第一科大台科大中興大學元智大學聯合大學海洋大學中山大學臺北大學中央警察大學中正大學實踐大學陽明大學臺灣藝術大學世新大學臺北教育大學臺北藝術大學臺北市立大學文化大學東吳大學嘉義大學高雄大學中科大國北護義守大學長庚大學臺北醫學大學中原大學中山醫學大學文藻外語大學高應大長庚科大勤益科大銘傳大學宜蘭大學虎尾科大新竹教育大學大同大學臺北商業大學臺中教育大學屏東大學靜宜大學高雄海洋科大朝陽科大國防大學南臺科大高雄餐旅大學中國醫藥大學長榮大學屏科大明志科大亞洲大學健行科大樹德科技大學真理大學嘉南藥理大學高雄醫學大學明新科技大學臺東大學台南應用科大金門大學大葉大學南華大學嶺東科大輔英科技大學中國科大慈濟科技大學慈濟大學致理科技大學開南大學弘光科技大學臺南大學中華大學德明財經科大景文科大龍華科技大學國立雲林科技大學正修科大遠東科大吳鳳科大中臺科大國立澎湖科技大學崑山科大中華醫事科技大學臺灣體育運動大學僑光科技大學醒吾科技大學環球科技大學華梵大學佛光大學萬能科大亞東技術學院經國管理暨健康學院建國科大東南科大南開科大聖約翰科大明道大學美和科大臺南藝術大學康寧大學育達科大高苑科大中華科大元培醫事科大國立體育大學大仁科大台灣首府大學玄奘大學南榮科大中州科大華夏科大修平科大大華科大臺北城市科大馬偕醫學院德霖技術學院台北海洋技術學院南亞技術學院臺灣戲曲學院黎明技術學院稻江科技暨管理學院和春技術學院法鼓文理學院亞太創意技術學院臺灣觀光學院大漢技術學院蘭陽技術學院崇右技術學院東方設計學院大同技術學院聖母醫護管理專科學校康寧醫護暨管理專科學校耕莘健康管理專科學校國立臺南護理專科學校新生醫護管理專科學校高美醫護管理專科學校仁德醫護管理專科學校崇仁醫護管理專科學校馬偕醫護管理專科學校敏惠醫護管理專科學校樹人醫護管理專科學校育英醫護管理專科學校慈惠醫護管理專科學校國防醫學院中華民國陸軍專科學校臺灣警察專科學校高雄大學時事#討論#同性 民法違憲5月29日 04:55自從到國外後好像漸漸跟臺灣脫節，鮮少關心社會動態， 昨日跟老爸和老弟在視訊，討論著臺灣未來的發展，一方面也是因為看到最近民法反同婚違憲的新聞。老實說一開始看到新聞標題時，以為又是媒體炒作。一直以來早就對台媒的煽情聳動不以為意了(徹底麻木)，殊不知這次好像蠻嚴肅蠻認真的。同性議題近期在臺灣不斷燃燒，如星火燎原般，已經到了動輒到法律的時刻了，性別認同與婚姻等名詞的定義似乎有必要重新被界定。於是問了老爸和老弟對這件違憲一事的看法，驚訝的是，他倆的觀點讓我徹底跳脫出原本固有的思維。xxx爸提到若是要同性婚姻法通過，第一個被質疑且需要修正的便是臺灣憲法中對""婚姻""中""一男一女""的定義。究竟心理對性別的認同到底被不被法律接受(比如，出生時有男性生殖器官，長大後卻認為自己是女人) 又，涉及到或衍生出來的議題從撫養權、財產權、繼承權、到多元成家...等等，這些皆是牽一髮而動全身的，所有牽扯到的法律可能都需要重新修改，正所謂的蝴蝶效應。而不是單靠純純的愛或是一條法律通過可以應付的來的。xxx而老弟對""自由""的看法，才是讓我驚豔。他說，法律是道德的最低標準，有人的道德標準很高，他們自然會希望法律也跟著提升；然而有些人的道德標準較低，認為法律標準高，這時兩邊就產生了拉扯，得在法律上找到一個平衡的位置。而這也就是目前臺灣社會景象。當法律限制太多時，人們渴望自由；但當法律給予太多自由時，卻反而形成另一種不自由了。就好比說一個宿舍沒有訂定生活常規，室友常常半夜才歸，常常不顧他人大聲唱歌，他完全沒有違反任何規定，但他一個人的""自由""不也造成了另一些人的""不自由""嗎？自由，是一個限制與放縱的比例拿捏。xxx如今臺灣跨出第一步，往後必定還有好長一段路要走。想起了當初從一夫多妻制的社會成功轉變成一夫一妻制，現在我們又有另一座山嶺要跨越。一步一步，走向那個我們所追求人人平等與自由的彼岸。喜歡 6回應 20收藏文章追蹤文章回文共 20 則回應L~我是負能量~B15月29日 05:054憲法哪條明文定義婚姻?心理性別和性傾向是有所差異，本來婚姻就影響兩人間法律效果，何以將婚姻納入同性別間婚姻，會有嚴重影響，更遑論多元成家根本不同議題。地二段提到自由必須有所限縮，這點如何套到婚姻?同性婚姻如何影響無關第三人?若無，何以拿此做比喻?T蝙蝠俠B25月29日 07:362b1婚姻與家庭是憲法制度性保障的事項之一，制度性保障是大陸法系憲法學的概念，其實這次釋字784號解釋表示民法違憲充滿了疑問，因為過去的婚姻是一夫一妻制，乃由世界大部分國家所認定的，然而一夫一妻根據文字上的意思就是一男一女，大法官居然說出民法違憲，滿臉問號啊！為了迎合政權造成司法妥協也是蠻新潮的，還一堆人說是台灣法學先進。明新科技大學B35月29日 08:206性別認同跟性頃向不一樣啊=.=我認為自己是男生喜歡男生完全不會有想穿女裝跟進女廁這些想法啊嘉義大學B45月29日 09:040b2你的論點跟皮卡丘部長在釋憲辯論時一樣前段時間有位竹教大卡友也發文過自己去爬文吧~或是看釋憲辯論嘉義大學B55月29日 09:060憲法沒有定義過婚姻而是而是大法官釋憲才有一夫一妻等詞原波爸的觀點才是為何我們反對專法而主張修民法改成『配偶』非『同性』用『同性』婚姻一詞反而麻煩會有您父親提的疑問#請您家人及您支持直接修改民法T蝙蝠俠B65月29日 09:300B4 B5你可以去查查甚麼是一夫多妻制，這觀念是由文化人類學影導致法律概念，相對於一夫多妻制當然就是一夫一妻制，這概念始自人類的生活文化以及習慣啊，既然世界任何國家法律在定義上都已經有明確的概念了，怎麼會說與概念背道而馳的是進步呢？德國法學糊塗走偏，台灣也要盲目嗎？在既定的概念與人權衝突的狀況下只能稱這社會病態了，怎麼可以說因為概念錯誤呢？歷史都錯了嗎？因為要迎合病人所以造成世界大錯特錯嗎？嘉義大學B75月29日 12:140b6不論是釋憲辯論&那篇文都已經討論過身為大學生查資料不難吧~我認為婚姻是專法#討論https://www.dcard.tw/f/all/p/226467085?ref=android還有 你舉大部分國家偏偏台灣憲法就沒有一夫一妻甚至還曾經有一夫多妻制你憑什麼對婚姻定義?一個不斷變動的標準這就跟沒人敢對時尚定義最多只敢說近幾年流行趨勢T蝙蝠俠B85月29日 12:400B7我沒標錯人呀，如果在辯論當下有一個合理的共識，我相信根本不會到現在還在引起軒然大波，用一段已經辯論過的話語堂塞對一個大學生也不難呢！看你做的如此榜樣實在值得拍手。然後根本不是我定義的啊，我說了那個是世界各國以及歷史大多都認同的概念，上面你不是說對大學生而言查資料不難嗎？為什麼你卻從不查資料呢？近幾年的錯誤觀念就要蓋過曾經世界各國幾乎一致認同的概念，真不知道成文法是定假的嗎？還是一夫一妻在文字造詣上你更有一番獨特見解呢？最後憲法沒有，但是在憲法的制度性保障中確實是其一保障事項，另外制度性保障算憲法的根本大法以原則性為主軸，所以延伸出來的概念也是法律原則問題。國立中正大學 法律學系B95月29日 18:310B8可是經過釋憲之後大法官已經明確提及同性婚姻是""憲法""保障的權利而且也不會改變現有一夫一妻制度這樣跟制度性保障也無衝突吧?況且制度性保障最後的權利也是以人為根本在不影響異性婚姻的情況下加入同性婚姻為何會有衝突呢?T蝙蝠俠B105月29日 18:460b9一夫一妻制的文字意思就解讀而言就是一男一女，不管今天誰解釋都不會改變這概念當時的初衷。然而同婚在理念上就已經與一夫一妻制的理念衝突了，今天我不是大法官，所以見解沒人採用，但就我看來同婚會影響到未來整體社會的發展。國立中正大學 法律學系B115月29日 18:510B10可是法律應該要與時俱進從憲法第22條的目的解釋就知道了而且同婚也不會與一夫一妻致相衝突阿同性戀者結婚並不會底損異性婚姻的權利T蝙蝠俠B125月29日 18:590b11同婚已經可以危害到未來的公共利益了。就生育率而言，同婚可能降低台灣生育率；就未來教育而言，一個由同性戀家庭所撫養成長的小孩在同儕間是否被歧視？有人說小孩是跟循家長的腳步，那同性戀家庭所撫養成長的小孩是同性戀的機會就很大了，未來的年輕後代要負荷多少沈重的包袱只因為今年的同婚法案通過！在教育上更是讓教育學者措手不及呢！南亞技術學院 行銷與流通管理系B135月29日 19:190B12 降低生育率這論點讓我滿無言的 ，同性戀就是無法接受異性才稱之為同性戀，不會因為沒有通過就可以接受跟異性生小孩，懂？南亞技術學院B145月29日 19:210B11 那請問近親可以結婚嗎∼T蝙蝠俠B155月29日 19:300b13你懂社會框架嗎？雖然喜歡同性，但在長輩的輿論下還是可能結婚生子的。生子是為了讓社會可以延續。南亞技術學院 行銷與流通管理系B165月29日 19:370B15 所以他們結婚生子是違背他們心靈你覺得這是對的？你這行為跟土匪差在哪，台灣生育率降低跟同性戀一點關西都沒，異性戀他媽的一堆不生小孩，所以婚姻=生育？這智商是？南亞技術學院 行銷與流通管理系B175月29日 19:410B15 我本身也不支持同性戀，為何專法等同於歧視，在這方面我站在反對的，但你論點我無法接受，生育率跟同性戀沒關係，這是整個社會問題，同性戀扶養小孩同性戀機會很大？請問他們同性戀都沒爸媽？他們爸媽不是異性戀？T蝙蝠俠B185月29日 19:410b16你批判的不是我為什麼這麼認為？一對異性情人生育提升機會一對同性情人生育沒有機會你就可以知道為何要反對同婚。然而在教育上也得面對重重關卡。南亞技術學院 行銷與流通管理系B195月29日 19:440B18 提升經濟對生育更有幫助啦沒錢養小孩是生小孩來受苦的嗎，現在人為什麼越來越不生小孩這才是問題所在吧，妳生出來你養的起嗎，你有一個安全安定穩定的環境嗎？這跟同性婚姻應該沒關係吧？南亞技術學院 行銷與流通管理系B205月29日 19:470B18 教育當然會面對重重關卡，請問你從小到大的書籍都是一夕之間出現的嗎，我是沒讀過什麼書啦，但我知道這些東西都是慢慢改革過來的吧，很多法規也是慢慢修改立法的吧，請問中華民國誕生的時候法規就那麼多了嗎，我想不是吧，所以這些都不是藉口，我認為現在要爭論的不在是反對同性婚姻合法，而是同性婚姻合法後應該怎麼立法。馬上回應搶第 21 樓...6200服務條款常見問題問題回報徵才商業合作",5月29日 04:55,Dcard,https://www.dcard.tw/f/trending/p/226494047-%EF%BC%83%E8%A8%8E%E8%AB%96%EF%BC%83%E5%90%8C%E6%80%A7-%E6%B0%91%E6%B3%95%E9%81%95%E6%86%B2
"Dcard註冊登入全部分類看板感情女孩美妝追星穿搭男孩有趣汽機車彩虹靈異星座美食寵物手作時事閒聊心情電影戲劇綜藝音樂動漫遊戲寶可夢攝影3C工作運動旅遊書籍語言留學詩文考試課程西斯Dcard廢文校園看板臺灣大學政治大學交通大學淡江大學東華大學成功大學北科大輔仁大學師範大學高雄師範大學彰化師範大學中央大學逢甲大學清華大學暨南大學東海大學高雄第一科大台科大中興大學元智大學聯合大學海洋大學中山大學臺北大學中央警察大學中正大學實踐大學陽明大學臺灣藝術大學世新大學臺北教育大學臺北藝術大學臺北市立大學文化大學東吳大學嘉義大學高雄大學中科大國北護義守大學長庚大學臺北醫學大學中原大學中山醫學大學文藻外語大學高應大長庚科大勤益科大銘傳大學宜蘭大學虎尾科大新竹教育大學大同大學臺北商業大學臺中教育大學屏東大學靜宜大學高雄海洋科大朝陽科大國防大學南臺科大高雄餐旅大學中國醫藥大學長榮大學屏科大明志科大亞洲大學健行科大樹德科技大學真理大學嘉南藥理大學高雄醫學大學明新科技大學臺東大學台南應用科大金門大學大葉大學南華大學嶺東科大輔英科技大學中國科大慈濟科技大學慈濟大學致理科技大學開南大學弘光科技大學臺南大學中華大學德明財經科大景文科大龍華科技大學國立雲林科技大學正修科大遠東科大吳鳳科大中臺科大國立澎湖科技大學崑山科大中華醫事科技大學臺灣體育運動大學僑光科技大學醒吾科技大學環球科技大學華梵大學佛光大學萬能科大亞東技術學院經國管理暨健康學院建國科大東南科大南開科大聖約翰科大明道大學美和科大臺南藝術大學康寧大學育達科大高苑科大中華科大元培醫事科大國立體育大學大仁科大台灣首府大學玄奘大學南榮科大中州科大華夏科大修平科大大華科大臺北城市科大馬偕醫學院德霖技術學院台北海洋技術學院南亞技術學院臺灣戲曲學院黎明技術學院稻江科技暨管理學院和春技術學院法鼓文理學院亞太創意技術學院臺灣觀光學院大漢技術學院蘭陽技術學院崇右技術學院東方設計學院大同技術學院聖母醫護管理專科學校康寧醫護暨管理專科學校耕莘健康管理專科學校國立臺南護理專科學校新生醫護管理專科學校高美醫護管理專科學校仁德醫護管理專科學校崇仁醫護管理專科學校馬偕醫護管理專科學校敏惠醫護管理專科學校樹人醫護管理專科學校育英醫護管理專科學校慈惠醫護管理專科學校國防醫學院中華民國陸軍專科學校臺灣警察專科學校Pmarkv@penpineapple時事#討論 近親結婚5月29日 08:20最近想到一個問題，想聽聽大家意見，就是兄妹為什麼不能結婚，有人會說，近親繁殖，基因缺陷機率會變高，但這假設的前提是結婚=生小孩，也就是說男男跟女女或男女結婚是為了生孩子，我們都知道結婚不一定要生小孩，不生也可，領養也可，那如果兩兄妹真相愛又為何不可結婚呢？應該修法不準生孩子才對阿，六等親之內不準結婚是否違憲呢？喜歡 6回應 26收藏文章追蹤文章回文共 26 則回應L~我是負能量~B15月29日 08:274#釋憲 同婚被肯定 然後呢…？ - Dcardhttps://www.dcard.tw/f/trending/p/226473836?ref=android底下留言自己找P原PO - markvB25月29日 08:440B1 第一 我先說我完全沒有要反同的意思， 我的問題只在近婚。第二 文章底下說的優生學問題，可以強制結紮加上醫生證明來解決。第三 師生戀注意新聞的話超多的，我身邊也有師生結婚的例子，還有它不在近親的範圍內，而且法律並無禁止師生結婚，只是歲數問題。第四 這篇真的沒有回答到什麼問題 就跟家盟一樣 提了一堆不是理由的理由。這是我的看法 以上L~我是負能量~B35月29日 08:562第一 我懶得再打一次，所以直接貼過來，第二 所以近親我認為限縮即可，第三 師生和近親有部分類似原因，前面為何提到師生，就是拿來類比近親可能的不對等關係。再者法律沒禁止師生結婚嗎？印象中教師手則還是什麼法律是有規範的。基本上近親要限縮就那幾個點，解決了就跟同婚一樣，沒有什麼理由可以限制。中國文化大學 會計學系B45月29日 09:004我自認我的思考模式可以跳脫自己的道德觀，但不是每個人都能這樣，也因此這部分的議題是炮轟>討論…我也有想過這問題，而且瑞典還是哪裡似乎有通過近親婚姻(詳細法規配套我不清楚)法規限制近親婚姻者要強制結紮這點似乎可行，只是後續或許會有近親婚姻者想擁有自己的孩子而抗議(畢竟並非所有近親繁殖都是有缺陷的孩子←我非醫科不確定這想法正確與否)，這部分也是個問題，同婚的話是絕對無法有兩人愛的結晶，所以開放同婚的話問題沒近親那麼大國立成功大學B55月29日 09:084支持同志方只會跳針逃避拉別問了嘉義大學B65月29日 09:101憲法23條 會破壞社會秩序的前提可以限制人民自由要嗎您等到社會秩序能夠包容 要嗎你修憲國立政治大學B75月29日 09:1601.支持跟呼籲近親結婚的人多嗎？如果不多怎麼形成推動修法的力量?2.幹嘛不直接申請釋憲看大法官怎麼說，大法官以本身的學養與法學專業針對特定議題提出各自的意見，可以讓一般人在讀過意見書後有更多的思考。朝陽科大B85月29日 09:191B4 同婚也有其他子女問題，例如：「兩個女生結婚了假設為AB女，而婚後A女卻懷孕了（不管原因為何），請問，此時A女的小孩是否算是B女的婚生子女？」當然異性戀也有類似問題，但異性戀發生這種情況都是得驗DNA後才會發現，在那之前就是婚生子女，否則就是要上法院，若貿然修法，是否異性戀也會衝擊到呢？要如何去解決，兩年，我想或許可以想到解決的辦法。而回到近親，缺陷問題大部分都可以透過產檢解決，或許從這個角度來看，同性婚姻的問題對法律制度而言是來得比較大的。當然，如同B3所說若近親關係中能撇除權利關係（他所提的縮限），我倒是認為近親婚姻也無不可，但現行法規不允許，若有人真的需要而提出來，我也希望社會大眾能像同性婚姻一樣，可以不支持，但不該去阻擋，借用同婚常說的，「別人結婚，乾你屁事。」是吧？然後很多人在那邊說，不然你去爭取阿、你去釋憲阿，之類的，我覺得口氣倒也不用這麼嗆，這有點像多元成家法案時，萌萌們一直講的，不然來公投阿，不然去釋憲阿，當時的萌萌與現在的你們是一樣的口吻與語氣。只能說你可以不支持，但請不要阻擋，若真有人需要，社會上少點這種風氣，我想有需要的人也才有勇氣站出來。P原PO - markvB95月29日 09:260B5 我支持同婚也支持近婚B6 反問，同婚有取得社會共識嗎？沒有，但大法官依然宣布違憲，我也不認為近婚跟同婚會危害什麼社會秩序，傷害誰的權益。P原PO - markvB105月29日 09:311B7 當初同婚那麼多人打壓，現在那麼多人支持，你的意思是當初同婚是錯的，現在是對的嗎？因為現在人比較多，所以是對的??這根本是不問對錯，只管盲從阿。國立政治大學B115月29日 09:500B10 我沒想到你可以自己衍生這麼多想法欸，蠻厲害的。人數的多寡本來就會形成不同的壓力去影響立法，這個部分有需要我解釋嗎？我只是提醒影響立法的諸多變數的其中一點，並不能推論我對特定議題的看法，而且本篇都在講近婚，我也是針對近婚的部分表達，很難懂嗎？弘光科技大學B125月29日 10:030師生戀我覺得只要雙方單身，學生又已成年，這完全沒有問題。那回去近親的部分，雙方可能都是單身，但都成年了嗎？還有「近親，缺陷問題大部分都可以透過產檢解決」????所以只要產檢到有問題再剁掉就好了嗎？還是說要留著？既然要留著，為什麼要產檢缺陷？小孩因為有缺陷死掉該怎麼辦？不會擔心嗎？不會傷心嗎？以上是我的提問如果未來真的可以解決問題也開放近親婚姻那就開放吧我不會去阻擋別人的愛情即便我沒有辦法接受這樣的愛情以上是我的想法中原大學B135月29日 10:180那請問什麼範圍的近親才算是近親結婚？台灣法律限定就是六等親內為近親六等親五等親四等親三等親二等親一等親？看你要開放到哪個範圍阿∼我不認同三等親以內結婚這樣可以說我支持近親結婚嗎:D東海大學B145月29日 10:230婚姻的目的在於 兩個沒有血緣關係的人可以透過法律成為親屬那既然近親已經是親屬關係了 那幹嘛還要結婚？朝陽科大B155月29日 10:260B12 所以現在就不用產檢？那現在產檢出來有問題，不是也一樣遇到相同問題嗎？ 還是你鼓吹的是根本不需要產檢？甚至現在法律規定姻親關係解除不能結婚是為何呢？ B13 我覺得都可以開放啦，手足通婚我覺得沒問題，但考量親生父母有權利不對等的關係，可以增加更多限制，例如須等子女有獨立經濟基礎及較高的年齡限制......等B14 繼承問題也有關係阿，若是兄妹或堂兄妹繼承順位有差，還有若不能生育，單親跟有配偶的情況能收養機率也有差。東海大學B165月29日 10:372同婚釋憲，是因為有需求ㄚ如果有一大群近親伴侶有這樣的需求，願意站出來，表達這些完整的訴求應該就可以去申請釋憲ㄚㄚ如果你有這樣的需求，你可以去表述看看台科大B175月29日 10:392人家討論為什麼兩者都是愛卻有分別 ，你說人多才能有立法的基礎 是北七是不是國立政治大學B185月29日 10:573B17 如果你願意再仔細看一遍，我提到的是""壓力""，不是""基礎""。希望你不要誤解我的意思。在教育社會學中，壓力團體，指現代民主國家之人民，為爭取及保障其權利，自願成立之組織。其功能係向具有決策權的政治機關或具有行政權力之行政人員，進行宣傳、說服或施行壓力，以促其採行立法或行政措施，滿足該團體之要求或利益。 　　壓力團體亦稱利益團體(interest group)，在狹義的定義方面，壓力團體是指利益團體；在廣義的定義方面，壓力團體則是指社會上各種對公共政策之決定具有影響力的團體。以「壓力」為名時，乃是針對團體的「活動方式」而言，以「利益」為名時，是指團體所持之「目的」而言。http://terms.naer.edu.tw/detail/1314840/弘光科技大學B195月29日 11:140B15 我是真心的在提問不懂這到底哪裡有鼓吹？B12朝陽科大B205月29日 11:490B19 因為你的問題現在產檢也會發生，就一樣的思考模式就好了。除非現在不產檢才是主流，不然一樣的事情，非近親也是會遇到的。輔仁大學B215月29日 12:100想起一句俗話。兄妹除了結婚以外做什麼都可以這不是常識嗎?東海大學B225月29日 12:192B17 人多當然不是立法的基礎啊！而是你願意表述你自己的需求才是推動立法的原動力啊！北七是不是國立政治大學B235月29日 12:393支持論點反優生學說：近親生子之中產生缺陷後代的機率並不比非近親生子來得高。婚姻非繁殖：即使近親生子的後代容易有缺陷，但近親間的婚姻並不代表他們一定會有後代。自由主義：戀愛自由是基本人權，兩個成年人彼此之間合意的婚姻，事實上與其他人都無關係。厭惡說：厭惡說的論據理由是出自對童養媳的研究，然而事實上童養媳與小丈夫是因婚姻強制規定的近親，雙方無真正血緣可言。厭惡說僅能證明了任何在同一屋簷下長大的同輩異性不易對彼此產生性慾望，亦可反推得出非血親同輩異性間也會有性厭惡，如孤兒院的院童；另一部分厭惡說卻也指出了人類的性吸引以至於性交，其實與動物沒太大分別。認為動物有近親趨避交配本能，是以人類角度去觀察動物，然而動物的交配僅單純為了繁衍後代，人類則未必。反對論點優生學說：近親婚姻可能帶有近親性交，而其後代畸形與智能障礙的機率偏高。（參見近親繁殖）如：美國曾有世居在阿帕拉契山脈的福格特（Fugate）家族，有正鐵血紅蛋白血症基因，又近親通婚，生下的後代容易為藍或紫色的皮膚；在過數代與外人通婚之後，子孫漸漸不復見此症狀。(但該家族皮膚藍色或紫色只是外觀上與他人不同，如同白種人與黃種人一樣，生活起居均正常)[4]厭惡說（sexual aversion hypothesis）：即韋斯特馬克效應，是芬蘭人類學家威斯特馬克（Edward Westermarck，1862-1939）提出的假說。他認為從小在同一家庭一起長大的異性，會對彼此發展性關係感到厭惡，久之形成禁止近親性交，原因是因為對彼此太過熟悉，以致失去了性慾望；反之從小分離的近親，相遇後容易產生與對方性交的衝動，即遺傳性性吸引。而近親性交的比例以父女（子）為最多（異輩近親性交），恰巧可證明威氏此說，因為發生性交的兩方不是同時長大成人的。經濟說：在父權社會中，因為女性是部族的可交易資產，族群之間為了拓展勢力，與外族聯合，故禁止族內血親性交或近親通婚。保護說：避免家中年長者性侵年幼者，及鼓勵同輩嫁娶。支持此一說者會提出動物有1.成年雄性會離開家庭2.雌性會延遲性成熟避免與父親性交3.無成年雄性在的家庭，子女輩會有性早熟等的現象，認為近親性交禁忌屬於生物本能。性競爭說：家（族）長者的性自私心態，年老者防備同族年輕者取代自己在家中異性間的性地位，而定出禁忌，藉由強制規定迫使子輩只能與家族以外的異性性交，年長者可繼續保有在家庭內絕對的性支配權。持此說者認為母系的一妻多夫或者父系的一夫多妻婚姻制都是出自這種心態演變出的變形，屬於文明演變造成的壓抑。贖罪說：佛洛伊德曾提出假說，在遠古社會中，因兒子弒父（見伊底帕斯）後心中愧疚，乃放棄與家中姊妹與母親的交配權而外娶，傳至後代形成禁忌。(即戀母情結)人格逆退說：長期近親性交的人，長大後會產生心態停留在早幼期對父母的依賴階段（如上下輩近親性交），不夠獨立與成熟，也會對社會溝通產生畏懼。生物學的理由近親繁殖會導致同型合子的增加，也就是同樣的等位基因出現在成對染色體中的相同位置，這是因為比起無血緣者近親擁有更多相同的等位基因，隱性的有害等位基因在異型合子的配對時不會啟動和形成危害，但在同型合子時會造成嚴重的成長缺陷。這一類的後代會有更高的機率在到達繁殖年齡前就死亡，導致生物學家所稱的近親繁殖衰退現象（在攜帶有害隱性基因的群體內，因近親繁殖造成的適應能力下降）。隱性基因可能包含各種遺傳問題，有同樣基因的人結合的後代會有更高的可能性發病。雖然男性無隱性血友病基因，但如果一個有血友病的男孩與他可能帶原血友病的姐妹有親密關係，他們的小孩會有更加高的機率得血友病。對查謨407名兒童的研究顯示，近親結婚家庭後代的智商低24.47點。[5]一些人類學家將生物學納入對近親性交禁忌的研究，他們主張對近親繁殖的厭惡並沒有生物學上的基礎，因為近親繁殖在生物學上可能是好事。其中的一個代表Leavitt寫道:「小群體近親繁殖，雖然最初會增加隱性有害基因在染色體相同位置成對的機率，但會很快將這類基因從繁殖庫中淘汰，因而降低遺傳負荷。」（Leavitt 1990, p.974）其他專家聲稱這個觀念是對遺傳學和自然選擇的基本誤解。他們主張雖然這在技術上可行，但近親繁殖在長遠上的正面影響幾乎總是無法實現，因為適應能力下降的短期影響就足以遏止近親繁殖。這類情形只曾發生在符合極端少見條件的案例上，例如嚴重的人口瓶頸、或畜牧業的人工強迫挑選。要達成「淨化」，近親配對的後代必須是同型合子顯性（無不良基因）和隱性（繁殖前死亡），若之中有異型合子後代，他們就可能無症狀的將缺陷基因傳下去，更麻煩的是，此模式無法解決多重有害隱性基因（多數人有多於一的有害隱性基因）和多重位置基因鏈結。突變的產生會打消對不良基因的清洗效果，有證據顯示同型合子個體會有更高危險性成為病原體。因為這些複雜因素，近親繁殖要越過初期適應力損傷的關卡極端困難。（Moore 1992, Uhlmann 1992）因此自然界少見近親繁殖，且多數有性生殖的生物天生就有避免近親交配的機制。Pusey & Worf（1996）and Penn & Potts（1999）兩者都從血緣識別啟發法中發現某些生物擁有從進化得來的近親繁殖厭惡心理的證據。https://zh.m.wikipedia.org/zh-tw/近親婚姻朝陽科大 財務金融系B245月29日 15:300b10 糾正你一下，2300萬人口支持同婚的並沒有比反對的多，如果公投可以預見挺同必輸，老一輩觀念傳統，中年的大概也不希望辛辛苦苦賺的錢被男同拿去治療愛滋。或許有人覺得同婚可以讓男同不亂交，可是厭惡男同的人很多啊。如果女同獨立出來投還有六成勝算。畢竟事不關己幫一下忙又何妨。ErealtwB255月29日 16:480說得好像可以近親結婚就能近親結婚，你沒有妹妹，就算有她也不愛你。說得好像人獸結婚就可以人獸結婚，牠愛你的食物不是愛你，甚至你連牠是不是同志你都不知道。台科大B265月29日 17:370B22 馬的就說愛才是重點了，歧視一把罩的，我看你也是因為潮流才挺同性戀的 真可憐馬上回應搶第 27 樓...6260服務條款常見問題問題回報徵才商業合作",5月29日 08:20,Dcard,https://www.dcard.tw/f/trending/p/226495012-%EF%BC%83%E8%A8%8E%E8%AB%96-%E8%BF%91%E8%A6%AA%E7%B5%90%E5%A9%9A
Dcard註冊登入全部分類看板感情女孩美妝追星穿搭男孩有趣汽機車彩虹靈異星座美食寵物手作時事閒聊心情電影戲劇綜藝音樂動漫遊戲寶可夢攝影3C工作運動旅遊書籍語言留學詩文考試課程西斯Dcard廢文校園看板臺灣大學政治大學交通大學淡江大學東華大學成功大學北科大輔仁大學師範大學高雄師範大學彰化師範大學中央大學逢甲大學清華大學暨南大學東海大學高雄第一科大台科大中興大學元智大學聯合大學海洋大學中山大學臺北大學中央警察大學中正大學實踐大學陽明大學臺灣藝術大學世新大學臺北教育大學臺北藝術大學臺北市立大學文化大學東吳大學嘉義大學高雄大學中科大國北護義守大學長庚大學臺北醫學大學中原大學中山醫學大學文藻外語大學高應大長庚科大勤益科大銘傳大學宜蘭大學虎尾科大新竹教育大學大同大學臺北商業大學臺中教育大學屏東大學靜宜大學高雄海洋科大朝陽科大國防大學南臺科大高雄餐旅大學中國醫藥大學長榮大學屏科大明志科大亞洲大學健行科大樹德科技大學真理大學嘉南藥理大學高雄醫學大學明新科技大學臺東大學台南應用科大金門大學大葉大學南華大學嶺東科大輔英科技大學中國科大慈濟科技大學慈濟大學致理科技大學開南大學弘光科技大學臺南大學中華大學德明財經科大景文科大龍華科技大學國立雲林科技大學正修科大遠東科大吳鳳科大中臺科大國立澎湖科技大學崑山科大中華醫事科技大學臺灣體育運動大學僑光科技大學醒吾科技大學環球科技大學華梵大學佛光大學萬能科大亞東技術學院經國管理暨健康學院建國科大東南科大南開科大聖約翰科大明道大學美和科大臺南藝術大學康寧大學育達科大高苑科大中華科大元培醫事科大國立體育大學大仁科大台灣首府大學玄奘大學南榮科大中州科大華夏科大修平科大大華科大臺北城市科大馬偕醫學院德霖技術學院台北海洋技術學院南亞技術學院臺灣戲曲學院黎明技術學院稻江科技暨管理學院和春技術學院法鼓文理學院亞太創意技術學院臺灣觀光學院大漢技術學院蘭陽技術學院崇右技術學院東方設計學院大同技術學院聖母醫護管理專科學校康寧醫護暨管理專科學校耕莘健康管理專科學校國立臺南護理專科學校新生醫護管理專科學校高美醫護管理專科學校仁德醫護管理專科學校崇仁醫護管理專科學校馬偕醫護管理專科學校敏惠醫護管理專科學校樹人醫護管理專科學校育英醫護管理專科學校慈惠醫護管理專科學校國防醫學院中華民國陸軍專科學校臺灣警察專科學校嘉義大學時事#新聞#玩具槍具殺傷力 BB槍達人判刑5月29日 03:322017-05-29打造玩具槍 年營收數億元〔記者黃欣柏／台北報導〕玩具業者廖英熙打造的ＢＢ槍大廠「怪怪貿易」，外銷年營收數億元，被國內外玩家盛讚是「台灣之光」，前年警方在該公司門市與工廠，查扣廿一把「G96」玩具ＢＢ槍，送刑事局以金屬子彈鑑定認為具殺傷力，業者指槍枝採用「非金屬材質」的球形子彈，符合經濟部標準檢驗局的玩具槍標準規定，但士林地院以標檢局標準與違反「槍砲彈藥刀械管制條例」是兩回事，認為一般人可輕易取得強力瓦斯及鋼珠彈，玩具槍的殺傷力標準，應以「最具威力」為基準，判廖兩年八月徒刑。數據超過法定 法官判有罪前年十月，警方前往怪怪貿易士林門市與彰化工廠，查扣廿一把型號為「G96」的玩具ＢＢ長槍，送刑事局鑑定殺傷力，經金屬子彈與廿二公斤瓦斯施測，測出廿四到卅二焦耳不等的數據，因超過法定廿焦耳，將負責人廖英熙依違反「槍砲彈藥刀械管制條例」送辦並起訴。經濟部標準檢驗局規定，玩具槍殺傷力檢驗標準，是以「非金屬材質」、「無液體填充」的球形子彈，搭配「製造廠商建議的推進氣體」（G96建議為十二公斤瓦斯）擊發；廖因此向法院聲請改送法務部調查局鑑定，調查局依玩具槍標準測試，槍枝全數合格。法官認為，標檢局標準與違反槍砲條例是兩回事，玩具槍符合槍砲條例定義的「可發射金屬或子彈、具有殺傷力之各式槍砲」，殺傷力標準應以「最具威力」為基準，警方以市售最強的動力設備施測並無不妥，全案經刑事局專業鑑定，自可採信。判決指出，怪怪貿易雖在產品說明書註明「禁止使用超過十二公斤之瓦斯氣瓶」，門市人員販售時也有提醒「不可使用鋼珠彈」，但廿二公斤瓦斯瓶與鋼珠彈在市面上廣泛流通販賣，一般人都可輕易取得，使該款玩具槍產生殺傷力，因此判廖有罪。檢測標準不一 達人要上訴廖英熙表示：「對判決結果很意外！」並稱是警方與經濟部檢測標準不一才被判有罪，一定會上訴，同時也呼籲政府早日訂出統一規範，否則台灣玩具槍產業，恐怕都得被迫外移。據統計，全球玩具槍逾半數是台灣製造，每年出口額約卅億，產量居世界第一，目前國內玩具槍廠商超過卅家。http://m.ltn.com.tw/news/focus/paper/1106142原本經濟部標檢局檢驗合法的玩具槍警察就是要用鋼彈來打然後說你有殺傷力法院判你兩年多兩個國家機關，檢驗標準不一抓改車抓的也是抓把車改成超標的人吧你會去抓車廠說你的車可以改到超標所以你違法??????喜歡 10回應 10收藏文章追蹤文章回文共 10 則回應朝陽科大B15月29日 03:523其他廠商眼紅跑去檢舉的吧昆士蘭科技大學B25月29日 04:112那刀是不是也不能賣了可能被拿去砍人原PO - 嘉義大學B35月29日 04:292個人覺得老闆可能得罪了其他人，可能是地方白道，可能是同業，總之這次是以我就是要讓你坐牢的方式去驗，再加上遇到白癡法官...臺北大學B45月29日 04:432原po要不要看一下判決書說啥後再來評論啊..士林地方法院105年重訴字16號判決銘傳大學 財金法律學系B55月29日 06:262我還沒看判決書 現在系統有問題 晚點看看能不能看從槍砲彈藥刀械管制條例的立法理由來看這樣的判決很正常吧 我是覺得刑度有點重 但不意外阿槍砲彈藥在有管制的情況下 沒理由讓廠商能夠合法公開販售有殺傷力的自製槍枝注意刑事局鑑定標準是以能夠常態大量取得的資源做基準如果任何一個人都能輕易取得這樣有殺傷力的管制武器那槍砲彈藥刀械管制條例根本就不需付存 也沒意義嘉大開噴白癡法官zz真不愧是垃圾學校 一堆87邏輯原PO - 嘉義大學B65月29日 06:542嗯，問題出在法律還是法官這我到真的沒想過，感謝各位給我一個新思維，也許我該給法官一個道歉不過那個戰校，咳到底是站在那個位置跟別人戰校阿XDDDDD我得小心不能標樓層現在很多法律吉吉人危險銘傳大學 財金法律學系B75月29日 07:220站在邏輯啊發個文這種邏輯丟自己學校的臉沒邏輯又亂噴 可憐原PO - 嘉義大學B85月29日 07:432你是不是平常被別的學校噴的很厲害啊XDDDDD抓個機會終於可以噴個夠了是吧沒關係，都噴，給你噴，看你是要從校長的花生噴到學校裡的噴水池，都給你噴如果這樣會讓你覺得心靈祥和我也算功德一件臺北大學B95月29日 08:422有時候問題不是出在法律或是法官，而是出在依據新聞就下結論的人看完判決原po大概會知道我為什麼會這樣說了國立高雄師範大學B105月29日 17:461感謝原po分享     那個銘傳的別隨便攻擊別人學校阿    很討厭馬上回應搶第 11 樓...10100服務條款常見問題問題回報徵才商業合作,5月29日 03:32,Dcard,https://www.dcard.tw/f/trending/p/226493714-%EF%BC%83%E6%96%B0%E8%81%9E%EF%BC%83%E7%8E%A9%E5%85%B7%E6%A7%8D%E5%85%B7%E6%AE%BA%E5%82%B7%E5%8A%9B-BB%E6%A7%8D%E9%81%94%E4%BA%BA%E5%88%A4%E5%88%91
Dcard註冊登入全部分類看板感情女孩美妝追星穿搭男孩有趣汽機車彩虹靈異星座美食寵物手作時事閒聊心情電影戲劇綜藝音樂動漫遊戲寶可夢攝影3C工作運動旅遊書籍語言留學詩文考試課程西斯Dcard廢文校園看板臺灣大學政治大學交通大學淡江大學東華大學成功大學北科大輔仁大學師範大學高雄師範大學彰化師範大學中央大學逢甲大學清華大學暨南大學東海大學高雄第一科大台科大中興大學元智大學聯合大學海洋大學中山大學臺北大學中央警察大學中正大學實踐大學陽明大學臺灣藝術大學世新大學臺北教育大學臺北藝術大學臺北市立大學文化大學東吳大學嘉義大學高雄大學中科大國北護義守大學長庚大學臺北醫學大學中原大學中山醫學大學文藻外語大學高應大長庚科大勤益科大銘傳大學宜蘭大學虎尾科大新竹教育大學大同大學臺北商業大學臺中教育大學屏東大學靜宜大學高雄海洋科大朝陽科大國防大學南臺科大高雄餐旅大學中國醫藥大學長榮大學屏科大明志科大亞洲大學健行科大樹德科技大學真理大學嘉南藥理大學高雄醫學大學明新科技大學臺東大學台南應用科大金門大學大葉大學南華大學嶺東科大輔英科技大學中國科大慈濟科技大學慈濟大學致理科技大學開南大學弘光科技大學臺南大學中華大學德明財經科大景文科大龍華科技大學國立雲林科技大學正修科大遠東科大吳鳳科大中臺科大國立澎湖科技大學崑山科大中華醫事科技大學臺灣體育運動大學僑光科技大學醒吾科技大學環球科技大學華梵大學佛光大學萬能科大亞東技術學院經國管理暨健康學院建國科大東南科大南開科大聖約翰科大明道大學美和科大臺南藝術大學康寧大學育達科大高苑科大中華科大元培醫事科大國立體育大學大仁科大台灣首府大學玄奘大學南榮科大中州科大華夏科大修平科大大華科大臺北城市科大馬偕醫學院德霖技術學院台北海洋技術學院南亞技術學院臺灣戲曲學院黎明技術學院稻江科技暨管理學院和春技術學院法鼓文理學院亞太創意技術學院臺灣觀光學院大漢技術學院蘭陽技術學院崇右技術學院東方設計學院大同技術學院聖母醫護管理專科學校康寧醫護暨管理專科學校耕莘健康管理專科學校國立臺南護理專科學校新生醫護管理專科學校高美醫護管理專科學校仁德醫護管理專科學校崇仁醫護管理專科學校馬偕醫護管理專科學校敏惠醫護管理專科學校樹人醫護管理專科學校育英醫護管理專科學校慈惠醫護管理專科學校國防醫學院中華民國陸軍專科學校臺灣警察專科學校北科大 化學工程與生物科技學系時事#新聞#討論 慘！馬祖藍眼淚　被中國垃圾摧毀5月29日 09:17以下是新聞網址http://m.appledaily.com.tw/realtimenews/article/new/20170529/1128312以下為原文連江縣政府推薦觀賞藍眼淚的地點遍及南、北竿和東、西莒等20多個的地點，馬祖環保人士陳建盛則稱，只要到馬祖幾個沙灘一看，讓人屏息的不會是藍眼淚，而是沙灘上又多又臭的海漂垃圾。當地小學校長的王建華更直言，前來「追淚」攝影愛好者和遊客，只會挑垃圾較少的海岸取景；而專程來看藍眼淚的遊客王月花則說，這次「只見垃圾不見淚」，全家只好敗興而歸。連江縣政府統計，每年從中國漂來的海上垃圾達700噸，木竹、保麗龍最多，六成垃圾出現在沙灘，相對較易清理，其他都卡在防波堤、礁岩和防風林等死角，只能眼睜睜看垃圾日積月累。（大陸中心／綜合報導）-------------------------------------------------------------------我知道有些人會說，又不一定全部都是中國的垃圾，臺灣自己也會亂丟垃圾啊之類的話但是就單純以“南竿“這個地區來講，我去年出服務隊時，淨灘撿了三個澳口，自己親手一個一個的把垃圾撿起來，只要是人造垃圾，沒有一個不是簡體字的，人造垃圾大概有下列幾種:飲料罐，農藥罐，廢棄醫療物，衣服其實當下是很氣憤的，南竿是座很美麗的島嶼，當地人或外地來的團體，常常有自發性的淨灘活動，我們服務隊淨灘時，馬港村的村民們還國軍弟兄們都來幫忙，我們都很愛護這座島嶼，但我們卻不能阻止它繼續被破壞??很多人都知道馬祖的藍眼淚很美但卻不知道馬祖現在遇到了多嚴重的環境問題我不想戰兩岸，只是想讓大家重視這問題，畢竟地球是大家的喜歡 10回應 3收藏文章追蹤文章回文共 3 則回應W身為男人就算是蘿莉也可以B15月29日 12:052QQ虎尾科大B25月29日 13:120很多人看到中國人 就高潮理性 理性  還是 理性ErealtwB35月29日 16:450馬祖一堆9.2馬上回應搶第 4 樓...1030服務條款常見問題問題回報徵才商業合作,5月29日 09:17,Dcard,https://www.dcard.tw/f/trending/p/226495261-%EF%BC%83%E6%96%B0%E8%81%9E%EF%BC%83%E8%A8%8E%E8%AB%96-%E6%85%98%EF%BC%81%E9%A6%AC%E7%A5%96%E8%97%8D%E7%9C%BC%E6%B7%9A%E3%80%80%E8%A2%AB%E4%B8%AD%E5%9C%8B%E5%9E%83%E5%9C%BE%E6%91%A7%E6%AF%80
"Dcard註冊登入全部分類看板感情女孩美妝追星穿搭男孩有趣汽機車彩虹靈異星座美食寵物手作時事閒聊心情電影戲劇綜藝音樂動漫遊戲寶可夢攝影3C工作運動旅遊書籍語言留學詩文考試課程西斯Dcard廢文校園看板臺灣大學政治大學交通大學淡江大學東華大學成功大學北科大輔仁大學師範大學高雄師範大學彰化師範大學中央大學逢甲大學清華大學暨南大學東海大學高雄第一科大台科大中興大學元智大學聯合大學海洋大學中山大學臺北大學中央警察大學中正大學實踐大學陽明大學臺灣藝術大學世新大學臺北教育大學臺北藝術大學臺北市立大學文化大學東吳大學嘉義大學高雄大學中科大國北護義守大學長庚大學臺北醫學大學中原大學中山醫學大學文藻外語大學高應大長庚科大勤益科大銘傳大學宜蘭大學虎尾科大新竹教育大學大同大學臺北商業大學臺中教育大學屏東大學靜宜大學高雄海洋科大朝陽科大國防大學南臺科大高雄餐旅大學中國醫藥大學長榮大學屏科大明志科大亞洲大學健行科大樹德科技大學真理大學嘉南藥理大學高雄醫學大學明新科技大學臺東大學台南應用科大金門大學大葉大學南華大學嶺東科大輔英科技大學中國科大慈濟科技大學慈濟大學致理科技大學開南大學弘光科技大學臺南大學中華大學德明財經科大景文科大龍華科技大學國立雲林科技大學正修科大遠東科大吳鳳科大中臺科大國立澎湖科技大學崑山科大中華醫事科技大學臺灣體育運動大學僑光科技大學醒吾科技大學環球科技大學華梵大學佛光大學萬能科大亞東技術學院經國管理暨健康學院建國科大東南科大南開科大聖約翰科大明道大學美和科大臺南藝術大學康寧大學育達科大高苑科大中華科大元培醫事科大國立體育大學大仁科大台灣首府大學玄奘大學南榮科大中州科大華夏科大修平科大大華科大臺北城市科大馬偕醫學院德霖技術學院台北海洋技術學院南亞技術學院臺灣戲曲學院黎明技術學院稻江科技暨管理學院和春技術學院法鼓文理學院亞太創意技術學院臺灣觀光學院大漢技術學院蘭陽技術學院崇右技術學院東方設計學院大同技術學院聖母醫護管理專科學校康寧醫護暨管理專科學校耕莘健康管理專科學校國立臺南護理專科學校新生醫護管理專科學校高美醫護管理專科學校仁德醫護管理專科學校崇仁醫護管理專科學校馬偕醫護管理專科學校敏惠醫護管理專科學校樹人醫護管理專科學校育英醫護管理專科學校慈惠醫護管理專科學校國防醫學院中華民國陸軍專科學校臺灣警察專科學校逢甲大學時事#同性   別合理化自己的討厭5月28日 17:49有人討厭同性戀有人也討厭反同ㄧ樣的意思沒有說不能反同重點是互相尊重同性戀者被批評當然會不高興啊每個人都有討厭的事物要不是努力克服就是尊重照某人說的言論自由某人去街上隨便?個人看看會不會有事所謂的言論自由是在尊重別人的情況下某些反同者言論  噁心  變態 之類的哪來尊重別找個理由把自己的討厭合理化喜歡 16回應 42收藏文章追蹤文章回文熱門回應東海大學B35月28日 18:3824你們愛問我們反同的理由就噁心想吐啊這哪是找理由啊拜託生理上就無法接受看到就不舒服你是想怎樣啊難道再說一堆理由你會更爽？共 42 則回應國立中正大學B15月28日 18:051現在就是互相傷害的時代反同討厭同性戀，同性戀討厭反同實踐大學B25月28日 18:113來啊 互相傷害東海大學B35月28日 18:3824你們愛問我們反同的理由就噁心想吐啊這哪是找理由啊拜託生理上就無法接受看到就不舒服你是想怎樣啊難道再說一堆理由你會更爽？一個回應被檢舉的同學B45月28日 18:43這則回應已被 Dcard 用戶檢舉含「中傷、歧視、挑釁或謾罵他人
」的內容。東海大學B55月28日 18:455B4 噢 傷害到你的心了嗎這樣就罵人母豬科科低級魚餌也釣的出人國立中正大學B65月28日 18:464B5就是想上鉤不行?現在是互相傷害的時代跟學長說聲好烏普薩拉大學B75月28日 18:473我自已是覺得這跟個人喜好有關吧就像有些人喜歡吃茄子有些人不喜歡（好奇怪的舉例XD) 你說喜歡吃茄子有錯嗎 當然沒有啊我也覺得任何人都不該阻止他人喜歡吃茄子的權利畢竟喜歡吃的人又沒有逼其他人跟著他們一起吃至於不喜歡吃茄子的人有錯嗎 也沒有吧本來就是很主觀的東西 有時候不喜歡也沒什麼特別的理由只要雙方不要干預到對方（ex. 逼討厭茄子的人吃茄子/限制愛吃茄子的不能吃）發表個人喜好也沒什麼關係吧@@東海大學B85月28日 18:500B6 可以啊但是上鉤的太沒戰力一開始就無法像常人般的討論劈頭就罵人大母豬不管我以後的兒女是不是同性戀我也不會教出這種沒教養的孩子的有時候父母沒有教育能力也是挺可憐的國立中正大學B95月28日 18:566B8 跟母豬要怎麼說常人般的言論?我不是母豬我不會，請你教教我去跟你的殺人魔學長問好東海大學B105月28日 19:033B9 好可憐的父母...教一個滿嘴母豬母豬叫的孩子在匿名平台留言家庭教育果然有待加強大概小時後學語的時候 媽媽先叫你叫媽媽一聲母豬XD不多做回應了想睡覺而且你好沒戰力國立中正大學B115月28日 19:066B10你爸媽比較可憐吧生了一個女兒，好好的人不當，去學動物還是你爸媽根本就不是人...原PO - 逢甲大學B125月28日 19:171B1 B2  別這樣麻~~互相尊重不是很好嗎∼元智大學B135月28日 19:225B3 你覺得噁心想吐  別人就不准結婚?那如果我看到妳噁心想吐  你是不是也別結婚了?將心比心好嗎      不是只有你會看到別人噁心想吐原PO - 逢甲大學B145月28日 19:313B3  不好意思你有看清楚嗎？我有說  你 可 以 討 厭我看不慣的是那些言論霸凌者還有 某些人問你理由某些人攻擊你不代表我們全體我現在並沒有問你理由你現在所說的   噁心想吐你已成為我文中的  不尊重別人的人原PO - 逢甲大學B155月28日 19:341B4  檢舉不送 B3的口氣是不好了點但你的言論  我實在聽不下去尊重很難？？原PO - 逢甲大學B165月28日 19:420B5  唉……我還能說什麼B6  別這樣啦∼我們互相尊重啦∼B7  沒錯！！！很同意妳的說法但發表個人喜好前  是要不在傷害對方前提哦B8 B9 B10  唉……就是有不懂尊重的人B11  好了……是B4不懂尊重就別奢望別人會尊重他別在互相傷害摟~~崑山科技大學 視覺傳達設計系B175月28日 19:496B3 是覺得原po「互相尊重」的意思應該是用委婉的方式表達自己的感受不能因為不喜歡所以傷害對方的話語就變合理了「你們愛問我們反同的理由就噁心想吐啊這哪是找理由啊拜託生理上就無法接受看到就不舒服你是想怎樣啊難道再說一堆理由你會更爽？」如果你只說「我反同是因為生理上無法接受，看到的時候感覺________（不舒服？不自在？心裡產生排斥感？ ）」我想大家都能夠理解你的喔如果反過來性向異性戀被人家說變態噁心想吐我也會很受傷B4 不要互相傷害啦N史萊哲林 魔物力學系B185月28日 20:283偶爾看到反對的人，挺好奇長相xD如果不符合主流眼光，也是挺噁心想吐。秀一下阿。國立清華大學B195月28日 20:515我看到母豬也覺得噁心想吐看到母豬想吐也不用理由純粹覺得不舒服臺北教育大學 藝術與造形設計學系B205月28日 23:162我反覆看還是不懂為什麼B3被叫母豬....?這詞有尊重到人嗎？嗯其實她講的也是我心裡的感覺只是不會講出來，就是所謂的尊重但被問原因其實就是這樣阿…明知會不好聽又硬要問，講了還被罵我是覺得滿可憐的…L~我是負能量~B215月28日 23:556討厭本來就是合理的，不合理的是因為自己討厭，就失去理性，不斷找理由想要限縮他人權利。東海大學B225月29日 04:212B13 誰說不讓你們結婚了？我是針對同性戀這件事不舒服你在想什麼？你可以看到我噁心想吐我又無所謂東海大學B235月29日 04:292B18 我倒是一點也不好奇電腦後面的肥宅長怎樣看都不想看秀一下？想被鎖？你先秀啊問別人名字前不是應該先報上自己的名字？來匿名平台討論同性戀的事有人就愛罵母豬有人就愛討論長相台灣真是沒救了東海大學B245月29日 04:350B20 看到B16回應11樓我都快笑死了好啦是她不懂尊重別奢望我們尊重她所以他整個默許他罵我母豬欸原PO - 逢甲大學B255月29日 05:190B24麻煩！！！看不懂就別留言我還標了是B4不懂尊重對號入座幾點好聲跟你說   一直壞口氣？抱歉  我也笑到快翻過去了原PO - 逢甲大學B265月29日 05:230B17 謝謝你能理解~~~還幫我解釋了翻感恩感恩~~彰化師範大學B275月29日 05:240或許反感是生理反應，但我覺得沒必要用這種激烈口語，就好像有個貧窮小孩，然後就說欸欸 乞丐耶 一定髒死了 好噁心喔 這樣子?原PO - 逢甲大學B285月29日 05:272B20  對  所以B4的行為時在非常偏差那就ㄧ人一檢舉讓他只能逛Decard~東海大學B295月29日 05:480B25 我知道你標了啥也知道你後面寫了什麼別強詞奪理了好嗎N史萊哲林 魔物力學系B305月29日 06:383B23 笑死，我說到什麼嗎，有夠崩潰欸。玻璃心？？我只是想說講噁心想吐，這種歧視字眼，外表應該好不到哪去，畢竟 "" 相由心生 ""。純粹問長相，嗆人肥宅，妳真的好糟糕喔，女生不可以出口成髒喔ㄏㄏ，而且妳失望了我不是肥宅，不知道多久沒宅在家ㄎㄎ，專題幾乎都在外面渡過，高雄 - 青春，台北 - 新一代，台中 - A+，台南 - 文創，還要廠商接洽量產化，忙到哭哭。還被嗆肥宅妳幻想自己會觀落陰？通靈少女看太多快清醒吧！確定禁同婚違憲快清醒吧妳阿空欸????還有我是異性戀，是有朋友傳給我說這裡有人崩潰，我就來看笑話。結果？還真崩潰得歇斯底里。喔對，女性還反同？自己本身就是弱勢族群還在反其他族群也挺可愛的。希望妳不要問其他反女權的傳統人士，反對理由喔。16420服務條款常見問題問題回報徵才商業合作",5月28日 17:49,Dcard,https://www.dcard.tw/f/trending/p/226492396-%EF%BC%83%E5%90%8C%E6%80%A7---%E5%88%A5%E5%90%88%E7%90%86%E5%8C%96%E8%87%AA%E5%B7%B1%E7%9A%84%E8%A8%8E%E5%8E%AD
"Dcard註冊登入全部分類看板感情女孩美妝追星穿搭男孩有趣汽機車彩虹靈異星座美食寵物手作時事閒聊心情電影戲劇綜藝音樂動漫遊戲寶可夢攝影3C工作運動旅遊書籍語言留學詩文考試課程西斯Dcard廢文校園看板臺灣大學政治大學交通大學淡江大學東華大學成功大學北科大輔仁大學師範大學高雄師範大學彰化師範大學中央大學逢甲大學清華大學暨南大學東海大學高雄第一科大台科大中興大學元智大學聯合大學海洋大學中山大學臺北大學中央警察大學中正大學實踐大學陽明大學臺灣藝術大學世新大學臺北教育大學臺北藝術大學臺北市立大學文化大學東吳大學嘉義大學高雄大學中科大國北護義守大學長庚大學臺北醫學大學中原大學中山醫學大學文藻外語大學高應大長庚科大勤益科大銘傳大學宜蘭大學虎尾科大新竹教育大學大同大學臺北商業大學臺中教育大學屏東大學靜宜大學高雄海洋科大朝陽科大國防大學南臺科大高雄餐旅大學中國醫藥大學長榮大學屏科大明志科大亞洲大學健行科大樹德科技大學真理大學嘉南藥理大學高雄醫學大學明新科技大學臺東大學台南應用科大金門大學大葉大學南華大學嶺東科大輔英科技大學中國科大慈濟科技大學慈濟大學致理科技大學開南大學弘光科技大學臺南大學中華大學德明財經科大景文科大龍華科技大學國立雲林科技大學正修科大遠東科大吳鳳科大中臺科大國立澎湖科技大學崑山科大中華醫事科技大學臺灣體育運動大學僑光科技大學醒吾科技大學環球科技大學華梵大學佛光大學萬能科大亞東技術學院經國管理暨健康學院建國科大東南科大南開科大聖約翰科大明道大學美和科大臺南藝術大學康寧大學育達科大高苑科大中華科大元培醫事科大國立體育大學大仁科大台灣首府大學玄奘大學南榮科大中州科大華夏科大修平科大大華科大臺北城市科大馬偕醫學院德霖技術學院台北海洋技術學院南亞技術學院臺灣戲曲學院黎明技術學院稻江科技暨管理學院和春技術學院法鼓文理學院亞太創意技術學院臺灣觀光學院大漢技術學院蘭陽技術學院崇右技術學院東方設計學院大同技術學院聖母醫護管理專科學校康寧醫護暨管理專科學校耕莘健康管理專科學校國立臺南護理專科學校新生醫護管理專科學校高美醫護管理專科學校仁德醫護管理專科學校崇仁醫護管理專科學校馬偕醫護管理專科學校敏惠醫護管理專科學校樹人醫護管理專科學校育英醫護管理專科學校慈惠醫護管理專科學校國防醫學院中華民國陸軍專科學校臺灣警察專科學校Alove_rabbit@aboutlove5703時事#魔術 #蔡魔術師 #不被接受的真相5月29日 17:38最近轟動全球的AGT魔術影片在前幾天遭人破解，雖然是預料中的事，畢竟人嘛，都想知道魔術祕密，但看到破解的消息後還是很無奈、很痛心。但更令圈內人更無法接受的是為什麼受害的魔術師跳出來講話卻被說成是想紅還是什麼的風向更是一面倒向蔡姓魔術師。圈外人的言論真的讓不少人看了既憤怒又無奈許多魔術界厲害的前輩們紛紛發文立挺受害者那是因為蔡魔術師有不少黑歷史且受害者不單只有被批評說想紅的簡魔術師...還有幾位是國外知名的前輩們。不知道事實真相的人都可以輕易黑化真正對的那一方...那還有什麼是做不到的?不是刻意在幫哪邊說話，是希望大家能先看清楚事情原貌再來做批評。另外也希望魔術的祕密能更被尊重，而不是一句""破解祕密才能讓你們有新的魔術出現啊！""這句話不算對，但也沒有不對，但魔術可能是某魔術師耗費自己一輩子心力才完成卻在短短幾分鐘內遭破解 甚至公開免費教學...倘若立場對調，你的心裡肯定不好受吧？喜歡 8回應 3收藏文章追蹤文章回文共 3 則回應國立臺北商業大學B15月29日 17:431我也覺得破解魔術很過分欸??????A原PO - love_rabbitB25月29日 17:480B1 謝謝妳的認同 ??可以不喜歡魔術，但不能不尊重該有的道德。我不曉得大家知道祕密後能做什麼?反而只會讓更多魔術表演者受害...可能以後都會變成:這個我會啦！就這樣這樣...雲林科技大學 營建系B35月29日 19:241半夜睡不著，剛好又看到新聞在報相關事件。就稍稍去了解事情的始末。事情的結果比想像中來的出乎意料。就像我看到有人說的摁...人品跟成就真的不是同一件事馬上回應搶第 4 樓...830服務條款常見問題問題回報徵才商業合作",5月29日 17:38,Dcard,https://www.dcard.tw/f/trending/p/226498589-%EF%BC%83%E9%AD%94%E8%A1%93-%EF%BC%83%E8%94%A1%E9%AD%94%E8%A1%93%E5%B8%AB-%EF%BC%83%E4%B8%8D%E8%A2%AB%E6%8E%A5%E5%8F%97%E7%9A%84%E7%9C%9F%E7%9B%B8
Dcard註冊登入全部分類看板感情女孩美妝追星穿搭男孩有趣汽機車彩虹靈異星座美食寵物手作時事閒聊心情電影戲劇綜藝音樂動漫遊戲寶可夢攝影3C工作運動旅遊書籍語言留學詩文考試課程西斯Dcard廢文校園看板臺灣大學政治大學交通大學淡江大學東華大學成功大學北科大輔仁大學師範大學高雄師範大學彰化師範大學中央大學逢甲大學清華大學暨南大學東海大學高雄第一科大台科大中興大學元智大學聯合大學海洋大學中山大學臺北大學中央警察大學中正大學實踐大學陽明大學臺灣藝術大學世新大學臺北教育大學臺北藝術大學臺北市立大學文化大學東吳大學嘉義大學高雄大學中科大國北護義守大學長庚大學臺北醫學大學中原大學中山醫學大學文藻外語大學高應大長庚科大勤益科大銘傳大學宜蘭大學虎尾科大新竹教育大學大同大學臺北商業大學臺中教育大學屏東大學靜宜大學高雄海洋科大朝陽科大國防大學南臺科大高雄餐旅大學中國醫藥大學長榮大學屏科大明志科大亞洲大學健行科大樹德科技大學真理大學嘉南藥理大學高雄醫學大學明新科技大學臺東大學台南應用科大金門大學大葉大學南華大學嶺東科大輔英科技大學中國科大慈濟科技大學慈濟大學致理科技大學開南大學弘光科技大學臺南大學中華大學德明財經科大景文科大龍華科技大學國立雲林科技大學正修科大遠東科大吳鳳科大中臺科大國立澎湖科技大學崑山科大中華醫事科技大學臺灣體育運動大學僑光科技大學醒吾科技大學環球科技大學華梵大學佛光大學萬能科大亞東技術學院經國管理暨健康學院建國科大東南科大南開科大聖約翰科大明道大學美和科大臺南藝術大學康寧大學育達科大高苑科大中華科大元培醫事科大國立體育大學大仁科大台灣首府大學玄奘大學南榮科大中州科大華夏科大修平科大大華科大臺北城市科大馬偕醫學院德霖技術學院台北海洋技術學院南亞技術學院臺灣戲曲學院黎明技術學院稻江科技暨管理學院和春技術學院法鼓文理學院亞太創意技術學院臺灣觀光學院大漢技術學院蘭陽技術學院崇右技術學院東方設計學院大同技術學院聖母醫護管理專科學校康寧醫護暨管理專科學校耕莘健康管理專科學校國立臺南護理專科學校新生醫護管理專科學校高美醫護管理專科學校仁德醫護管理專科學校崇仁醫護管理專科學校馬偕醫護管理專科學校敏惠醫護管理專科學校樹人醫護管理專科學校育英醫護管理專科學校慈惠醫護管理專科學校國防醫學院中華民國陸軍專科學校臺灣警察專科學校T儒儒@tg2e62s時事#討論  經血米糕給男友吃5月29日 15:05如題有一名女性在youtube po上一段把自己的經血做成米血糕給男友吃，掀起眾人幾乎一面倒的謾罵以下為我的看法其實我一開始跟大部分的人一樣覺得噁心，但看到影片最後發現男友也很開心，因為是男友生日，原po跟好友們一起幫他過生日，看到這就覺得還好，結局開心就好。但往下拉並看到fb的評論全部鋪天蓋地的謾罵我覺得很多都過了頭，直接批評別人的長相，我也是傻眼，也有一些醫學專業的人員說很噁心，經血把喇叭拉很髒，經過陰道什麼的，但其實口交不也在交??????，嘴巴其實很髒也依舊在親，地上東西也撿起來吃，很多微生物的河也在游，人類本來就常常很髒。另外我們吃的東西還會少嗎，各種生物、生魚的肉、生的菜等等，沒有一樣細菌很少是無菌的，大家是不是對免疫力跟消化道太沒信心了?喜歡 10回應 11收藏文章追蹤文章回文熱門回應國立臺灣大學B15月29日 15:2126請問一下如果今天原PO的男朋友用他的精液做了一道料理跟你吃下去或是他射在你喝水的水壺裡請問你會有何感想？我是覺得還好啦  畢竟口爆吞洨這種事也是蠻多人會試的這是觀感問題   同意跟被騙吃下是不一樣的其實我覺得比較像是價值觀衝擊吧就像萌萌遇到同志朋友就會大喊這樣我要怎麼教小孩！！！！（崩潰當然你可以說不爽不要看但就是有人手賤點進去又犯賤的看完最後崩潰了在下面罵給他個同情的眼神拍拍他的肩膀吧共 11 則回應國立臺灣大學B15月29日 15:2126請問一下如果今天原PO的男朋友用他的精液做了一道料理跟你吃下去或是他射在你喝水的水壺裡請問你會有何感想？我是覺得還好啦  畢竟口爆吞洨這種事也是蠻多人會試的這是觀感問題   同意跟被騙吃下是不一樣的其實我覺得比較像是價值觀衝擊吧就像萌萌遇到同志朋友就會大喊這樣我要怎麼教小孩！！！！（崩潰當然你可以說不爽不要看但就是有人手賤點進去又犯賤的看完最後崩潰了在下面罵給他個同情的眼神拍拍他的肩膀吧S噓_B25月29日 15:224我有看到那個新聞耶我個人是覺得滿噁心的但是如果吃的人OK其他人也沒資格說什麼吧T原PO - 儒儒B35月29日 15:260B1喔喔 稍微懂了被騙跟同意的感覺，但洨煮一煮不知道會不會跟蛋白一樣，覺得好奇??????，另外如果是跟影片一樣之後給驚嚇後驚喜的方式的話我可以接受，不過我肯定會回報的????朝陽科大B45月29日 15:285我覺得不能這樣比欸吃生的或口交什麼的是自己選擇這麼做的也是“事前”知道的但吃經血是完全沒有告知欸！！這完全是兩碼子事就像你莫名其妙被口爆也會不爽吧華梵大學B55月29日 15:284無法贊同你的說法雖然說吃的人本身不在意我們確實也不好說什麼但是你說的什麼嘴巴很髒人類很髒我真的傻眼今天這個po影片的人她要怎樣我們都管不了也沒資格管 重點是她今天把她po出來了 像平常po其他一般影片一的把它po出來了 這樣就是不對的！這完全是觀感問題啊！正修科技大學B65月29日 15:294有看到截圖說男友媽也覺得沒甚麼，覺得溫馨之類的他們組成一家是最好的結果黑暗料理自家留著吃朝陽科大 財務金融系B75月29日 15:341超噁心的啊景文科技大學B85月29日 15:460B5 我滿同意的你的....她的影片完全呈現一個我好爽喔好開心喔！盒盒盒盒盒盒盒的笑聲弘光科技大學 護理學系B95月29日 15:502光想到經血的腥味就頭皮發麻高雄醫學大學B105月29日 17:411雖然她要拍啥影片那是她家的事，但真的是觀感很差，我光看到它youtube的封面就覺得非常不舒服，可惡的是它還一直出現在熱門影片區@@國立臺北大學B115月29日 17:520哎呦  阿就低能屁孩而已 不用理他啦馬上回應搶第 12 樓...10110服務條款常見問題問題回報徵才商業合作,5月29日 15:05,Dcard,https://www.dcard.tw/f/trending/p/226497173-%EF%BC%83%E8%A8%8E%E8%AB%96--%E7%B6%93%E8%A1%80%E7%B1%B3%E7%B3%95%E7%B5%A6%E7%94%B7%E5%8F%8B%E5%90%83
"Dcard註冊登入全部分類看板感情女孩美妝追星穿搭男孩有趣汽機車彩虹靈異星座美食寵物手作時事閒聊心情電影戲劇綜藝音樂動漫遊戲寶可夢攝影3C工作運動旅遊書籍語言留學詩文考試課程西斯Dcard廢文校園看板臺灣大學政治大學交通大學淡江大學東華大學成功大學北科大輔仁大學師範大學高雄師範大學彰化師範大學中央大學逢甲大學清華大學暨南大學東海大學高雄第一科大台科大中興大學元智大學聯合大學海洋大學中山大學臺北大學中央警察大學中正大學實踐大學陽明大學臺灣藝術大學世新大學臺北教育大學臺北藝術大學臺北市立大學文化大學東吳大學嘉義大學高雄大學中科大國北護義守大學長庚大學臺北醫學大學中原大學中山醫學大學文藻外語大學高應大長庚科大勤益科大銘傳大學宜蘭大學虎尾科大新竹教育大學大同大學臺北商業大學臺中教育大學屏東大學靜宜大學高雄海洋科大朝陽科大國防大學南臺科大高雄餐旅大學中國醫藥大學長榮大學屏科大明志科大亞洲大學健行科大樹德科技大學真理大學嘉南藥理大學高雄醫學大學明新科技大學臺東大學台南應用科大金門大學大葉大學南華大學嶺東科大輔英科技大學中國科大慈濟科技大學慈濟大學致理科技大學開南大學弘光科技大學臺南大學中華大學德明財經科大景文科大龍華科技大學國立雲林科技大學正修科大遠東科大吳鳳科大中臺科大國立澎湖科技大學崑山科大中華醫事科技大學臺灣體育運動大學僑光科技大學醒吾科技大學環球科技大學華梵大學佛光大學萬能科大亞東技術學院經國管理暨健康學院建國科大東南科大南開科大聖約翰科大明道大學美和科大臺南藝術大學康寧大學育達科大高苑科大中華科大元培醫事科大國立體育大學大仁科大台灣首府大學玄奘大學南榮科大中州科大華夏科大修平科大大華科大臺北城市科大馬偕醫學院德霖技術學院台北海洋技術學院南亞技術學院臺灣戲曲學院黎明技術學院稻江科技暨管理學院和春技術學院法鼓文理學院亞太創意技術學院臺灣觀光學院大漢技術學院蘭陽技術學院崇右技術學院東方設計學院大同技術學院聖母醫護管理專科學校康寧醫護暨管理專科學校耕莘健康管理專科學校國立臺南護理專科學校新生醫護管理專科學校高美醫護管理專科學校仁德醫護管理專科學校崇仁醫護管理專科學校馬偕醫護管理專科學校敏惠醫護管理專科學校樹人醫護管理專科學校育英醫護管理專科學校慈惠醫護管理專科學校國防醫學院中華民國陸軍專科學校臺灣警察專科學校Erealtw@everygods9487時事＃新聞　德國性教育改革之問與答5月28日 14:20誰在洗腦孩子？德國性教育改革牽出的問與答　　上月底，數千名群眾聚集在德國黑森邦首府威斯巴登（Wiesbaden）的街頭，反對該邦的性教育改革。他們手舉各式旗幟、標語，要求邦政府尊重他們的家長權、正視婚姻與家庭的價值，以及立即停止對學子洗腦。這起抗議活動起因於黑森邦所推行的性教育改革。　　這項改革將多元的性別認同、性傾向與家庭／伴侶形式列入課綱，但這些內容讓反對者感到憂心，深怕婚姻與家庭價值將會瓦解、學童被迫提早「開竅」，甚至煩惱小孩會變成同志者也大有人在。　　這類的抗議在德國並非第一起。過去幾年在漢堡、薩克森、北萊茵西發利亞、巴伐利亞與巴登符騰堡等邦也發生過類似的抗議活動，其中以2013／14年間在巴登符騰堡邦的抗議尤為激烈，不僅有近20萬人連署提出請願，反對性教育改革與課綱修正，反對團體也發起多次遊行，最後迫使當時在巴登符騰堡邦執政的綠黨、社會民主黨聯合政府妥協，撤回改革，並將課綱改為較緩和的版本。　　現在，黑森邦的反對者有意炮製巴登符騰堡邦的「成功」事例，他們對性教育改革提出了兩個面向的批評。首先是關於程序上的問題，批評者認為，當前的性教育改革，是透過黑箱作業護航基進的課綱，好讓它能成功闖關。對此，邦政府回應，課綱完全是依正常、公開的程序訂定，只是沒有另外召開記者會而已。  　　 至於有關性教育改革所涉及的實質問題，反對團體則是認為，將所有相關到性傾向與性別認同的課題納入中小學教育之中，並將之當做是無關價值高低的生活形式，不但沒有澄清的作用，反兒會造成學童的困惑。此外，反對者也視邀請同志講者到校「現身說法」的作法為嚴重問題。歸結起來，反對者認為，性教育的改革涉及了意識形態的灌輸，並且會造成孩童「提早性化」（Fr?hsexualisierung）。雖然看在校教育改革的支持者眼裡，課綱的調整只不過是告訴學童，這世上除了異性戀與傳統家庭外，還有其他的不同的生活方式，但反對者的指摘，卻也折射出德國在中小學性教育中確實存在著一些尚待釐清的問題，它們大體可歸結成兩個問題：一、改革後的性教育會不會讓學童過早接觸到關於「性」的資訊？二、教育目標與家長教養權間的界線該如何拿捏？　　就上述第一個問題，性學（Sexualwissenschaft）與教育學學者Karla Etschenberg即指出，對於性教育來說，相較於學童的身心發展狀態，年齡並不是一項重要的指標，即便在同一個年齡層，學童的發展狀態也可能有很大的差異，因此性教育的重點應在提供「敏於發展」的學習內容；加以現在孩童的成長環境中無不充斥著「性」，他們持續受到廣告、電視與網路色情影片裡的成人資訊轟炸，若不面對其中潛藏的威脅，反放任孩童孤立無援地處於這些資訊之中，反而對孩童不公。　　若要改善這樣的情況，就必須透過符合事實的性教育來加以澄清。此外，心理學學者Wassilios Fthenakis也指出，學齡前的孩童也會受充斥於環境中的偏見影響，因此讓孩童及早認識社會的複雜與分歧是毋寧正確的，而現代的性別認同概念應屬其中一環；況在今日，傳統的家庭形式已非獨存，成長於彩虹家庭、單親家庭，或家中有繼父母的孩童也非罕見，然這些情況卻往往為學校教育忽略，因此依他之見，至遲也應在中小學教育中教授相關主題。　　對上述第二個問題，德國聯邦憲法法院在1977年的裁判（BVerfGE 47, 46）中提供了清楚的答案，亦即家長的教養權與國家的教育目標可以並行不悖。聯邦憲法法院指出，學校教育須對關乎性的不同價值觀保持開放，並應顧慮家長本於其宗教或世界觀的確信而行使的教養權，換句話說，國家必須容忍家長的意識形態，同時要避免將學習內容當成教條灌輸給學子，但相對地，性教育中的原則也毋須經家長同意。　　就此，對於性教育來說，重點即在，即使家長與教師的立場有所不同，但彼此也要在保持尊重之下，促成相互理解。 　　 除了上述兩個問題外，教學實務上關心的問題還有，目前身處第一線的教師，是否有足夠的能力肩負起多元性教育的教學任務。　　由於過去的教師養成中，欠缺特別針對性教育的教學培育，在網路資訊發達的今天，教師或多或少也會懷疑學生知道的是不是甚至比自己還要更多。對此，以黑森邦為例，教育當局的亡羊補牢之道是，提供教師相關進修課程，以及個別或電話諮詢，以確保教師能勝任其工作。此外，由於多元性教育是橫跨生物、社會、歷史與政治的科目，不應只在生物／健康教育的課程中教授，只是相應教材卻仍然十分匱乏，未來如何補足也是問題之一。與大學合作或許是個可以考慮的方向，以歷史課所需教材為例，已有柏林自由大學歷史系教授編寫酷兒歷史供教師下載。　　當然，反對多元性教育的抗爭不只折射出德國性教育的問題，同時也反映了一場政治角力。反對運動集結了基督教民主聯盟（CDU）中保守份子、基督教基本教義派、右翼民粹主義者，以及新納粹支持者的勢力，也讓2013年在黑森邦議會選舉中失利的德國另類選擇黨（AfD）抓住機會表態，宣示性的多元性，不應在教育中插上一腳，傳承傳統家庭作為生命的要義才是教育的使命。在這種情況下，推行改革的基民盟顯得有些腹背受敵。　　德國黑森邦的性教育改革，會否隨著政治勢力的消長而載浮載沉，仍有待日後留心觀察，只是在改革背後所牽出的一些問與答，或有值得台灣參考的地方。 　　◎可於台灣借鑑相關有關法條在通過同志平權之後的困難與社會既定現象之不穩定的因素，德國已有前車之鑑，改革不僅將面對新一代教師的革新培育與整體素質，教師對於教育道德與學童的性年齡問題也可涉及狼師等案件；而在性平問題上，除卻教師，還有台灣政黨的固定陋習，與兩岸的政治問題，甚至處在民主多元的社會，人們心態上的五花八門，將不只限於宗教、文化、國家，甚至與傳統價值觀如何緩頰與不具衝擊的漸進改變，都是台灣還得努力學習成長與改進之處。原文網址：https://global.udn.com/global_vision/story/8663/2119554喜歡 17回應 3收藏文章追蹤文章回文共 3 則回應明新科技大學B15月29日 08:584護家萌歡迎你這種人才他們最喜歡找這種新聞了如果還會改編成洗腦長輩文他們更愛虎尾科大B25月29日 13:064一堆看到這種文章就高潮然後開始在說別人是互加盟的 我也是笑笑的國際玻璃價 上漲中E原PO - realtwB35月29日 16:360B1 文章很長看不完對不對？我幫你濃縮：同婚的立法或修法在未來上，會遇到政黨政治偏頗的問題、反對派的批評以及性教育教師培育的問題等等，對此，以上為德國先驅後之借鏡。冒昧問一下你是同志族群的豬隊友嗎？那麼你很適合加入護家盟哦。馬上回應搶第 4 樓...1730服務條款常見問題問題回報徵才商業合作",5月28日 14:20,Dcard,https://www.dcard.tw/f/trending/p/226490658-%EF%BC%83%E6%96%B0%E8%81%9E%E3%80%80%E5%BE%B7%E5%9C%8B%E6%80%A7%E6%95%99%E8%82%B2%E6%94%B9%E9%9D%A9%E4%B9%8B%E5%95%8F%E8%88%87%E7%AD%94
Dcard註冊登入全部分類看板感情女孩美妝追星穿搭男孩有趣汽機車彩虹靈異星座美食寵物手作時事閒聊心情電影戲劇綜藝音樂動漫遊戲寶可夢攝影3C工作運動旅遊書籍語言留學詩文考試課程西斯Dcard廢文校園看板臺灣大學政治大學交通大學淡江大學東華大學成功大學北科大輔仁大學師範大學高雄師範大學彰化師範大學中央大學逢甲大學清華大學暨南大學東海大學高雄第一科大台科大中興大學元智大學聯合大學海洋大學中山大學臺北大學中央警察大學中正大學實踐大學陽明大學臺灣藝術大學世新大學臺北教育大學臺北藝術大學臺北市立大學文化大學東吳大學嘉義大學高雄大學中科大國北護義守大學長庚大學臺北醫學大學中原大學中山醫學大學文藻外語大學高應大長庚科大勤益科大銘傳大學宜蘭大學虎尾科大新竹教育大學大同大學臺北商業大學臺中教育大學屏東大學靜宜大學高雄海洋科大朝陽科大國防大學南臺科大高雄餐旅大學中國醫藥大學長榮大學屏科大明志科大亞洲大學健行科大樹德科技大學真理大學嘉南藥理大學高雄醫學大學明新科技大學臺東大學台南應用科大金門大學大葉大學南華大學嶺東科大輔英科技大學中國科大慈濟科技大學慈濟大學致理科技大學開南大學弘光科技大學臺南大學中華大學德明財經科大景文科大龍華科技大學國立雲林科技大學正修科大遠東科大吳鳳科大中臺科大國立澎湖科技大學崑山科大中華醫事科技大學臺灣體育運動大學僑光科技大學醒吾科技大學環球科技大學華梵大學佛光大學萬能科大亞東技術學院經國管理暨健康學院建國科大東南科大南開科大聖約翰科大明道大學美和科大臺南藝術大學康寧大學育達科大高苑科大中華科大元培醫事科大國立體育大學大仁科大台灣首府大學玄奘大學南榮科大中州科大華夏科大修平科大大華科大臺北城市科大馬偕醫學院德霖技術學院台北海洋技術學院南亞技術學院臺灣戲曲學院黎明技術學院稻江科技暨管理學院和春技術學院法鼓文理學院亞太創意技術學院臺灣觀光學院大漢技術學院蘭陽技術學院崇右技術學院東方設計學院大同技術學院聖母醫護管理專科學校康寧醫護暨管理專科學校耕莘健康管理專科學校國立臺南護理專科學校新生醫護管理專科學校高美醫護管理專科學校仁德醫護管理專科學校崇仁醫護管理專科學校馬偕醫護管理專科學校敏惠醫護管理專科學校樹人醫護管理專科學校育英醫護管理專科學校慈惠醫護管理專科學校國防醫學院中華民國陸軍專科學校臺灣警察專科學校東海大學時事#討論 因為你看不見長期的不友善5月29日 07:10前情提要#討論 支持同志者的變相霸凌有個問題我其實之前就覺得很奇怪了，不覺得現在人對於反同人士很凶狠嗎，感覺就是一種霸凌 0.0... 大家一直說人民有發言權自己可以有自己的意見，可是當反同的人說出他們的意見時 只要出來表示就會被肉搜公幹對於同志，你瞭解了多少呢？我想，你原本覺得這跟你的生活沒有太大的相干（ 這樣沒有不好）但是，當社會出現了關於同性婚姻的議題時，你沒有任何的背景知識所以你只用你印象中形容同志的詞彙去建構你對於這個議題的回應但是你有想過，長期以來大家對於同志的形容，是公平正當的嗎？還是 因為平常大家都這麼說，所以你就習慣了日常中的邪惡呢？如果有人說：我看見同性接吻很不舒服 不想看理性的同志也不會去撻伐他，因為異性戀和同性戀的方式感興趣/喜歡的對象本來就不相同。但是，如果有人說：當同性戀就會感染愛滋病那麼同樣理性的同志們，當然要為了他的名譽去捍衛不說台灣，世界上有太多太多的「污名化」起因都是因為公眾不願意去「獨立思考」，去判別「真」、「偽」當你不去試著理解，直接相信不知來源的資訊，也沒有去「查證」就形成了「刻板印象」，然而這又進階成為「污名化」台灣社會，需要更多的同理心不是憐憫，也不是歧視，是需要去理解、查證。喜歡 26回應 5收藏文章追蹤文章回文熱門回應國立澎湖科技大學B15月29日 07:1410我的想法沒那麼複雜你們可以去公證結婚但是不能阻止我繼續噁心共 5 則回應國立澎湖科技大學B15月29日 07:1410我的想法沒那麼複雜你們可以去公證結婚但是不能阻止我繼續噁心原PO - 東海大學B25月29日 07:199B1 的確可以有自己的想法跟感覺，只要不要阻礙他人的權益和傷害到別人屏科大 獸醫學系B35月29日 07:418有人看到男女在街上擁吻也會覺得噁心但無權反對他們結婚或其他權利這個道理你懂 可惜很多人都不懂還繼續以此做為反對理由只能送他們一個問號虎尾科大B45月29日 13:072好啦 就你眼睛最雪亮可以了吧T蝙蝠俠B55月29日 18:370心情就可以決定事情對錯哈哈討拍加油歐跟你說一件事原來心裡不孕證的救濟途徑就是修法把司法當止痛藥結果治標不治本馬上回應搶第 6 樓...2650服務條款常見問題問題回報徵才商業合作,5月29日 07:10,Dcard,https://www.dcard.tw/f/trending/p/226494662-%EF%BC%83%E8%A8%8E%E8%AB%96-%E5%9B%A0%E7%82%BA%E4%BD%A0%E7%9C%8B%E4%B8%8D%E8%A6%8B%E9%95%B7%E6%9C%9F%E7%9A%84%E4%B8%8D%E5%8F%8B%E5%96%84
Dcard註冊登入全部分類看板感情女孩美妝追星穿搭男孩有趣汽機車彩虹靈異星座美食寵物手作時事閒聊心情電影戲劇綜藝音樂動漫遊戲寶可夢攝影3C工作運動旅遊書籍語言留學詩文考試課程西斯Dcard廢文校園看板臺灣大學政治大學交通大學淡江大學東華大學成功大學北科大輔仁大學師範大學高雄師範大學彰化師範大學中央大學逢甲大學清華大學暨南大學東海大學高雄第一科大台科大中興大學元智大學聯合大學海洋大學中山大學臺北大學中央警察大學中正大學實踐大學陽明大學臺灣藝術大學世新大學臺北教育大學臺北藝術大學臺北市立大學文化大學東吳大學嘉義大學高雄大學中科大國北護義守大學長庚大學臺北醫學大學中原大學中山醫學大學文藻外語大學高應大長庚科大勤益科大銘傳大學宜蘭大學虎尾科大新竹教育大學大同大學臺北商業大學臺中教育大學屏東大學靜宜大學高雄海洋科大朝陽科大國防大學南臺科大高雄餐旅大學中國醫藥大學長榮大學屏科大明志科大亞洲大學健行科大樹德科技大學真理大學嘉南藥理大學高雄醫學大學明新科技大學臺東大學台南應用科大金門大學大葉大學南華大學嶺東科大輔英科技大學中國科大慈濟科技大學慈濟大學致理科技大學開南大學弘光科技大學臺南大學中華大學德明財經科大景文科大龍華科技大學國立雲林科技大學正修科大遠東科大吳鳳科大中臺科大國立澎湖科技大學崑山科大中華醫事科技大學臺灣體育運動大學僑光科技大學醒吾科技大學環球科技大學華梵大學佛光大學萬能科大亞東技術學院經國管理暨健康學院建國科大東南科大南開科大聖約翰科大明道大學美和科大臺南藝術大學康寧大學育達科大高苑科大中華科大元培醫事科大國立體育大學大仁科大台灣首府大學玄奘大學南榮科大中州科大華夏科大修平科大大華科大臺北城市科大馬偕醫學院德霖技術學院台北海洋技術學院南亞技術學院臺灣戲曲學院黎明技術學院稻江科技暨管理學院和春技術學院法鼓文理學院亞太創意技術學院臺灣觀光學院大漢技術學院蘭陽技術學院崇右技術學院東方設計學院大同技術學院聖母醫護管理專科學校康寧醫護暨管理專科學校耕莘健康管理專科學校國立臺南護理專科學校新生醫護管理專科學校高美醫護管理專科學校仁德醫護管理專科學校崇仁醫護管理專科學校馬偕醫護管理專科學校敏惠醫護管理專科學校樹人醫護管理專科學校育英醫護管理專科學校慈惠醫護管理專科學校國防醫學院中華民國陸軍專科學校臺灣警察專科學校國立臺灣大學時事#新聞 民進黨文宣貼在建中　有學生「惶惶不安」5月29日 09:56台北市建國中學吳姓學生投訴，上周學校內出現「2017民主進步黨青年營」的文宣海報，而且附有學務處准許張貼的核章；他批評，民進黨呼籲政黨退出校園，如今卻違反他們該遵守的原則，令他「惶惶不安」。吳姓學生沒接電話，《蘋果》無法獲知其進一步說法；但若以網路搜尋海報標語，可在民進黨青年部的相關頁面上發現相同的宣傳圖樣。建中學務主任白萬應回應，校方經常收到許多單位的宣傳海報，這張是民進黨青年部寄至學校；校方人員一開始只看到下方的「高中職公共事務人才培訓營」，沒注意到上面的「民主進步黨」字樣，就蓋章貼出去了，後來經學生反映，就隨即撤下。（蔡永彬／台北報導）http://m.appledaily.com.tw/realtimenews/article/new/20170529/1125691/DPP真噁呼籲政黨退出校園，又想把自己的手伸進去雙重標準真誇張喜歡 21回應 8收藏文章追蹤文章回文共 8 則回應臺南大學B15月29日 12:016其實如果拿掉政黨贊助的字眼蠻多類似的營隊是很好的學習舞臺國民黨也有辦類似的青年營對培養公共事務的敏感度也是很有幫助只是當立場有明顯偏頗的時候要學會辨別，批判思考。W身為男人就算是蘿莉也可以B25月29日 12:020所謂的“伸進去”可不是這麼簡單的一件事情啊國立臺灣大學B35月29日 12:387太粗糙 應該用個救國青年團名義進去虎尾科大B45月29日 13:053從小就開始在洗腦  可悲彰化師範大學B55月29日 13:439如果是國民黨貼的可能校長會被鄉民貼上9.2的標籤民進黨貼的只要撤掉就好了甚麼事都沒有龍華科技大學 資訊網路工程系B65月29日 15:141毛骨悚然國立成功大學B75月29日 18:080因為民進黨就是自由正義民主的象徵啊。有什麼錯都是國民黨跟中共的錯。再來就是反對者跟市民的錯國立臺灣大學B85月29日 21:531大學也有啊不但教授課堂上宣傳台獨許多社團後面有贊助人這些人常常回台大跟大家演講內容多少牽扯到像是阿扁無罪國民黨壓迫人民等等民進黨說政治退出校園意思是國民黨退出自己才能進去 ??馬上回應搶第 9 樓...2180服務條款常見問題問題回報徵才商業合作,5月29日 09:56,Dcard,https://www.dcard.tw/f/trending/p/226495430-%EF%BC%83%E6%96%B0%E8%81%9E-%E6%B0%91%E9%80%B2%E9%BB%A8%E6%96%87%E5%AE%A3%E8%B2%BC%E5%9C%A8%E5%BB%BA%E4%B8%AD%E3%80%80%E6%9C%89%E5%AD%B8%E7%94%9F%E3%80%8C%E6%83%B6%E6%83%B6%E4%B8%8D%E5%AE%89%E3%80%8D
"Dcard註冊登入全部分類看板感情女孩美妝追星穿搭男孩有趣汽機車彩虹靈異星座美食寵物手作時事閒聊心情電影戲劇綜藝音樂動漫遊戲寶可夢攝影3C工作運動旅遊書籍語言留學詩文考試課程西斯Dcard廢文校園看板臺灣大學政治大學交通大學淡江大學東華大學成功大學北科大輔仁大學師範大學高雄師範大學彰化師範大學中央大學逢甲大學清華大學暨南大學東海大學高雄第一科大台科大中興大學元智大學聯合大學海洋大學中山大學臺北大學中央警察大學中正大學實踐大學陽明大學臺灣藝術大學世新大學臺北教育大學臺北藝術大學臺北市立大學文化大學東吳大學嘉義大學高雄大學中科大國北護義守大學長庚大學臺北醫學大學中原大學中山醫學大學文藻外語大學高應大長庚科大勤益科大銘傳大學宜蘭大學虎尾科大新竹教育大學大同大學臺北商業大學臺中教育大學屏東大學靜宜大學高雄海洋科大朝陽科大國防大學南臺科大高雄餐旅大學中國醫藥大學長榮大學屏科大明志科大亞洲大學健行科大樹德科技大學真理大學嘉南藥理大學高雄醫學大學明新科技大學臺東大學台南應用科大金門大學大葉大學南華大學嶺東科大輔英科技大學中國科大慈濟科技大學慈濟大學致理科技大學開南大學弘光科技大學臺南大學中華大學德明財經科大景文科大龍華科技大學國立雲林科技大學正修科大遠東科大吳鳳科大中臺科大國立澎湖科技大學崑山科大中華醫事科技大學臺灣體育運動大學僑光科技大學醒吾科技大學環球科技大學華梵大學佛光大學萬能科大亞東技術學院經國管理暨健康學院建國科大東南科大南開科大聖約翰科大明道大學美和科大臺南藝術大學康寧大學育達科大高苑科大中華科大元培醫事科大國立體育大學大仁科大台灣首府大學玄奘大學南榮科大中州科大華夏科大修平科大大華科大臺北城市科大馬偕醫學院德霖技術學院台北海洋技術學院南亞技術學院臺灣戲曲學院黎明技術學院稻江科技暨管理學院和春技術學院法鼓文理學院亞太創意技術學院臺灣觀光學院大漢技術學院蘭陽技術學院崇右技術學院東方設計學院大同技術學院聖母醫護管理專科學校康寧醫護暨管理專科學校耕莘健康管理專科學校國立臺南護理專科學校新生醫護管理專科學校高美醫護管理專科學校仁德醫護管理專科學校崇仁醫護管理專科學校馬偕醫護管理專科學校敏惠醫護管理專科學校樹人醫護管理專科學校育英醫護管理專科學校慈惠醫護管理專科學校國防醫學院中華民國陸軍專科學校臺灣警察專科學校朝陽科大時事#討論 支持同志者的變相霸凌5月29日 03:30有個問題我其實之前就覺得很奇怪了不覺得現在人對於反同人士很凶狠嗎感覺就是一種霸凌 0.0... 大家一直說人民有發言權自己可以有自己的意見可是當反同的人說出他們的意見時 只要出來表示就會被肉搜公幹支持同志的則是受到大家的歡迎崇拜 說什麼很先進好像同志現在就是潮流一樣 0.0你說這不是霸凌？之前看到在新聞上訪問大家意見 反同的都遮臉閃躲 有人問說為什麼？ㄏㄏ 沒人想惹到“惡霸”啊..= =anyway, 我本人是無意見的 因為同志結不結婚我認為跟我無關並不會影響到我喜歡 18回應 22收藏文章追蹤文章回文熱門回應華梵大學 工業設計學系B65月29日 04:5116當你看到那些「大部分」反同的人提出的抗議點，不外乎都是些很智障的問題「我以後要怎麼教我的小孩」「肛門是拿來拉屎的」「自古以來就是一男配一女」「萬一我的小孩以後被帶壞變成同志怎麼辦」「同志會影響全球經濟及消耗國家龐大資源」「愛滋病一堆啊」你覺得看到這些不實且未經證實的論點不斷的污民化他們，甚至動用粗俗的字眼羞辱，這樣是正確的嗎？當然每個人可以有每個人的論點但並不包含在這些所做所言裡每次都得接受那些水腦的砲轟和霸凌然後還得一個一個將那些指控心平氣和的解釋掉真的很累也很無力吧逢甲大學B55月29日 04:0112我是覺得如果大家可以理性的對話當然可以尊重彼此的言論我想原po應該有看過很多網路上所散播的反同言論激進、不可理喻、極盡所能的抹黑挺同的也努力破除一個一個謠言那種感覺其實是很累的真的....當我面對可以“理性”跟我溝通的對象時我完全尊重他們的想法不論他們是支持或是反對或是無意見但當我遇到要用不實抹黑的謠言來跟我爭執的對象時我也會不服氣的跟他爭執在d卡上有些反同言論是非常激進的所以才會變成你所看到的這樣感覺是另外一種霸凌其實挺同的又何嘗不是被霸凌呢？共 22 則回應國立成功大學B15月29日 03:330反同違反人權啊就像誰會支持鄭捷原PO - 朝陽科大B25月29日 03:427ㄜ 誰知道 有的人可能認同殺人犯啊 只是不講出來而已 殺人犯也有殺人的理由啊 他們也可以講出來 怎麼就沒看到像反同這種凶狠的撻伐？你們口口聲聲說可以有個人意見 那憑什麼攻擊別人的意見？ 反同的人犯了比殺人更嚴重的錯嗎L~我是負能量~B35月29日 03:546一者目的在妨礙擁有法律上權利，一者指出對方之不合理性，當然不能否認支持者中有跟風盲從之人，但是非對錯還是要依事實判定。高雄第一科大 應用英語學系B45月29日 03:599有霸凌嗎？我只是看到反同者一昧的想要讓自己錯誤的觀念影響到全世界??我想誰都不想被污名化吧？今天再簡單不過的愛情，要牽扯到聖經、牽扯到愛滋、牽扯到以後的醫療資源？我只是覺得要反可以，但每一次都是為了討厭而討厭，從來沒有讓別人信服，沒有讓別人不能相愛的理由。逢甲大學B55月29日 04:0112我是覺得如果大家可以理性的對話當然可以尊重彼此的言論我想原po應該有看過很多網路上所散播的反同言論激進、不可理喻、極盡所能的抹黑挺同的也努力破除一個一個謠言那種感覺其實是很累的真的....當我面對可以“理性”跟我溝通的對象時我完全尊重他們的想法不論他們是支持或是反對或是無意見但當我遇到要用不實抹黑的謠言來跟我爭執的對象時我也會不服氣的跟他爭執在d卡上有些反同言論是非常激進的所以才會變成你所看到的這樣感覺是另外一種霸凌其實挺同的又何嘗不是被霸凌呢？華梵大學 工業設計學系B65月29日 04:5116當你看到那些「大部分」反同的人提出的抗議點，不外乎都是些很智障的問題「我以後要怎麼教我的小孩」「肛門是拿來拉屎的」「自古以來就是一男配一女」「萬一我的小孩以後被帶壞變成同志怎麼辦」「同志會影響全球經濟及消耗國家龐大資源」「愛滋病一堆啊」你覺得看到這些不實且未經證實的論點不斷的污民化他們，甚至動用粗俗的字眼羞辱，這樣是正確的嗎？當然每個人可以有每個人的論點但並不包含在這些所做所言裡每次都得接受那些水腦的砲轟和霸凌然後還得一個一個將那些指控心平氣和的解釋掉真的很累也很無力吧南開科技大學 文化創意與設計系B75月29日 05:491不支持也不反對他們要怎樣是他們的自由我們憑什麼去管他們原PO - 朝陽科大B85月29日 06:270所以我還是覺得就趕快出來公投大家做決定最乾脆 0.0 現在就是沒有既定的法則所以才各說各話真的是互相傷害 =/還是一句老話 同理心， 其實是可以理解反同跟支持派的想法??原PO - 朝陽科大B95月29日 06:300b6 其實...他們說的也不是不合理你知道嗎有陣子我國中的時候同學們就出現很多女同志 但是他們其實根本不是女同志 就是因為那時候“流行”女同 所以他們就開始交女友東海大學B105月29日 06:437公投是什麼鬼???我覺得你這個論點顯示你對於普世人權價值和法律不瞭解??100年前，是三妻四妾的社會，那乾脆當初也公投好了啊，反正民主嘛∼憲法有責任「引領」國家社會更符合憲法保障的人權和自由那要不然建國之初幹嘛設定配偶只能有一個呢？東海大學B115月29日 06:472每個人有她的選擇，法律是道德的最低限制她想跟隨流行，是她的自由，但我想跟你補充還有一個族群叫做「雙性戀」我覺得可以多去看世界好嗎當你「不願去理解」別人的狀況的時候，就會形成「刻板印象」然後一群人的「刻板印象」，就會造成「偏見」、「歧視」AM ZB125月29日 06:530b4我這個人很簡單沒有什麼想污名化同志或東扯西扯的就只是個簡單的看到同志抱在一起牽手就覺得噁心就這麼簡單而已L~我是負能量~B135月29日 06:564先不說有雙性戀以及假性百合，還有關於性別傾向的一些實驗，光是有的女生玩玩遊戲，所以其他認真的人不能有這樣權利，用這樣的邏輯，有的異性戀結婚當玩玩，所以所有異性戀都不能結婚，這邏輯是可以接受的嗎？國立成功大學B145月29日 07:051沒辦法呀病人無法接受自己有病的事實只好用彩虹恐怖來堵住對他們不利的言論DDcard 大聲公B155月29日 07:100通報 ??好像有人對這篇文章有新想法唷，快來去看看！ https://www.dcard.tw/f/trending/p/226494662大仁科技大學B165月29日 07:210B10 噓…  女生應該不知道男生很想這樣吧??她們會嚇死男生那麼多。 很多都娶不到老婆一妻多夫他們的幻想…屏科大 獸醫學系B175月29日 07:222B9 你以為所有男女在一起都是真心的?假結婚 煙霧彈 為了堵住長輩的嘴 被逼迫相親只為生小孩的一大堆搞不好他們也根本不是異性戀呀...你說對反同人士太兇狠也要先看看該反同人士說的是什麼話我說把地震大雨氣溫升高歸咎於同性戀很不科學也被說彩虹霸凌呢這樣很兇狠嗎有時候根本只是智商問題然後你可能是沒被誤認成同性戀而被反同人士辱罵過幾年前只是問大家多P亂倫人獸交和婚姻平權有什麼關係就被說是不懂得用性器官的智障 還被詛咒絕子絕孫還有人把我FB姓名拿去說是同性戀的小三小王之類你覺得呢明新科技大學B185月29日 08:285B8 你知道台灣的公投法有多爛嗎？就算支持>反對也會判失敗萌萌就是看準這點才一直呼籲公投而且人權是不能拿來用投票的高雄第一科大 應用英語學系B195月29日 08:380B12 那也沒關係，因為我不是你的朋友。你要怎麼樣覺得我百分之百尊重??只是我也覺得你這想法很噁心這麼簡單而已??我應該沒有霸凌到你吧？只是送你你說過的話嘉義大學B205月29日 09:082請允許我非常不禮貌的直說月經文!!!!!!!自己去爬文 時事版討論過很多次國立臺灣大學 法律學系B215月29日 14:474我認為女性不應該有投票權跟言論自由，如果你在下面留言抨擊我，這是對我言論自由的侵害，請你尊重我！投票權一直以來都只是一種制度，不是甚麼基本人權，自古以來都是只有男性才能投票，不管是希臘還是古羅馬時期，如果開放女人投票，是不是也代表著未來動物也可投票?男人才可以理性的決策，女人是情感上的動物，只有男人才能夠為這個社會帶來安定。在一次重申，請你尊重我的發言，否則你就是不尊重我的言論自由，這是對我這個反女性主義者的一種霸凌！！國立臺灣師範大學 體育學系B225月29日 18:060給 b21一個愛心馬上回應搶第 23 樓...18220服務條款常見問題問題回報徵才商業合作",5月29日 03:30,Dcard,https://www.dcard.tw/f/trending/p/226493707-%EF%BC%83%E8%A8%8E%E8%AB%96-%E6%94%AF%E6%8C%81%E5%90%8C%E5%BF%97%E8%80%85%E7%9A%84%E8%AE%8A%E7%9B%B8%E9%9C%B8%E5%87%8C
Dcard註冊登入全部分類看板感情女孩美妝追星穿搭男孩有趣汽機車彩虹靈異星座美食寵物手作時事閒聊心情電影戲劇綜藝音樂動漫遊戲寶可夢攝影3C工作運動旅遊書籍語言留學詩文考試課程西斯Dcard廢文校園看板臺灣大學政治大學交通大學淡江大學東華大學成功大學北科大輔仁大學師範大學高雄師範大學彰化師範大學中央大學逢甲大學清華大學暨南大學東海大學高雄第一科大台科大中興大學元智大學聯合大學海洋大學中山大學臺北大學中央警察大學中正大學實踐大學陽明大學臺灣藝術大學世新大學臺北教育大學臺北藝術大學臺北市立大學文化大學東吳大學嘉義大學高雄大學中科大國北護義守大學長庚大學臺北醫學大學中原大學中山醫學大學文藻外語大學高應大長庚科大勤益科大銘傳大學宜蘭大學虎尾科大新竹教育大學大同大學臺北商業大學臺中教育大學屏東大學靜宜大學高雄海洋科大朝陽科大國防大學南臺科大高雄餐旅大學中國醫藥大學長榮大學屏科大明志科大亞洲大學健行科大樹德科技大學真理大學嘉南藥理大學高雄醫學大學明新科技大學臺東大學台南應用科大金門大學大葉大學南華大學嶺東科大輔英科技大學中國科大慈濟科技大學慈濟大學致理科技大學開南大學弘光科技大學臺南大學中華大學德明財經科大景文科大龍華科技大學國立雲林科技大學正修科大遠東科大吳鳳科大中臺科大國立澎湖科技大學崑山科大中華醫事科技大學臺灣體育運動大學僑光科技大學醒吾科技大學環球科技大學華梵大學佛光大學萬能科大亞東技術學院經國管理暨健康學院建國科大東南科大南開科大聖約翰科大明道大學美和科大臺南藝術大學康寧大學育達科大高苑科大中華科大元培醫事科大國立體育大學大仁科大台灣首府大學玄奘大學南榮科大中州科大華夏科大修平科大大華科大臺北城市科大馬偕醫學院德霖技術學院台北海洋技術學院南亞技術學院臺灣戲曲學院黎明技術學院稻江科技暨管理學院和春技術學院法鼓文理學院亞太創意技術學院臺灣觀光學院大漢技術學院蘭陽技術學院崇右技術學院東方設計學院大同技術學院聖母醫護管理專科學校康寧醫護暨管理專科學校耕莘健康管理專科學校國立臺南護理專科學校新生醫護管理專科學校高美醫護管理專科學校仁德醫護管理專科學校崇仁醫護管理專科學校馬偕醫護管理專科學校敏惠醫護管理專科學校樹人醫護管理專科學校育英醫護管理專科學校慈惠醫護管理專科學校國防醫學院中華民國陸軍專科學校臺灣警察專科學校台南應用科大時事#討論 D卡同婚民調5月29日 07:41有鑑於上個禮拜大法官宣布台灣同婚法案與現行民法有違所以台灣將成為亞洲第一個同性合法結果的國家一直很好奇台灣大學生對於同性婚姻的支持反對度大概佔比多少  想再時事版做個小實驗所以以下開放一二四樓按愛心投票！當然也要按一下本篇文章的愛心越多人看到結果當然越客觀唷喜歡 14回應 14收藏文章追蹤文章回文熱門回應原PO - 台南應用科大B15月29日 07:4158支持同婚原PO - 台南應用科大B25月29日 07:4122反對同婚中華大學B55月29日 08:4919覺得社會問題很多結果同婚最引人注目臺灣人都是智障共 14 則回應原PO - 台南應用科大B15月29日 07:4158支持同婚原PO - 台南應用科大B25月29日 07:4122反對同婚明新科技大學B35月29日 08:087萌萌表示：這什麼爛民調，愛心只能按一次！！原PO - 台南應用科大B45月29日 08:149補充 無意見中華大學B55月29日 08:4919覺得社會問題很多結果同婚最引人注目臺灣人都是智障T蝙蝠俠B65月29日 10:295同婚(笑退步當進步。國立中正大學B75月29日 10:580B6何謂進步?T蝙蝠俠B85月29日 12:450B7乃引用至台媒報導字眼，笑笑就好，無須認真。虎尾科大B95月29日 13:090公投不就好了金門大學B105月29日 15:111感謝反同人世為我們示範當你在少數意見時成功引人注意的方法東海大學B115月29日 17:161不要污辱蝙蝠俠好嗎？不知道蝙蝠俠跟超人有一腿嗎？B8T蝙蝠俠B125月29日 17:230b11為什麼撞名要把我與你的電影情節做結合？我是在好萊塢上班嗎？東海大學B135月29日 17:331B12同婚跟你的個人退步，幹嘛連在一起？我是在低開發國家嗎？T蝙蝠俠B145月29日 18:301b13認真你就輸了，我不會說你思想退步的??馬上回應搶第 15 樓...14140服務條款常見問題問題回報徵才商業合作,5月29日 07:41,Dcard,https://www.dcard.tw/f/trending/p/226494820-%EF%BC%83%E8%A8%8E%E8%AB%96-D%E5%8D%A1%E5%90%8C%E5%A9%9A%E6%B0%91%E8%AA%BF
"Dcard註冊登入全部分類看板感情女孩美妝追星穿搭男孩有趣汽機車彩虹靈異星座美食寵物手作時事閒聊心情電影戲劇綜藝音樂動漫遊戲寶可夢攝影3C工作運動旅遊書籍語言留學詩文考試課程西斯Dcard廢文校園看板臺灣大學政治大學交通大學淡江大學東華大學成功大學北科大輔仁大學師範大學高雄師範大學彰化師範大學中央大學逢甲大學清華大學暨南大學東海大學高雄第一科大台科大中興大學元智大學聯合大學海洋大學中山大學臺北大學中央警察大學中正大學實踐大學陽明大學臺灣藝術大學世新大學臺北教育大學臺北藝術大學臺北市立大學文化大學東吳大學嘉義大學高雄大學中科大國北護義守大學長庚大學臺北醫學大學中原大學中山醫學大學文藻外語大學高應大長庚科大勤益科大銘傳大學宜蘭大學虎尾科大新竹教育大學大同大學臺北商業大學臺中教育大學屏東大學靜宜大學高雄海洋科大朝陽科大國防大學南臺科大高雄餐旅大學中國醫藥大學長榮大學屏科大明志科大亞洲大學健行科大樹德科技大學真理大學嘉南藥理大學高雄醫學大學明新科技大學臺東大學台南應用科大金門大學大葉大學南華大學嶺東科大輔英科技大學中國科大慈濟科技大學慈濟大學致理科技大學開南大學弘光科技大學臺南大學中華大學德明財經科大景文科大龍華科技大學國立雲林科技大學正修科大遠東科大吳鳳科大中臺科大國立澎湖科技大學崑山科大中華醫事科技大學臺灣體育運動大學僑光科技大學醒吾科技大學環球科技大學華梵大學佛光大學萬能科大亞東技術學院經國管理暨健康學院建國科大東南科大南開科大聖約翰科大明道大學美和科大臺南藝術大學康寧大學育達科大高苑科大中華科大元培醫事科大國立體育大學大仁科大台灣首府大學玄奘大學南榮科大中州科大華夏科大修平科大大華科大臺北城市科大馬偕醫學院德霖技術學院台北海洋技術學院南亞技術學院臺灣戲曲學院黎明技術學院稻江科技暨管理學院和春技術學院法鼓文理學院亞太創意技術學院臺灣觀光學院大漢技術學院蘭陽技術學院崇右技術學院東方設計學院大同技術學院聖母醫護管理專科學校康寧醫護暨管理專科學校耕莘健康管理專科學校國立臺南護理專科學校新生醫護管理專科學校高美醫護管理專科學校仁德醫護管理專科學校崇仁醫護管理專科學校馬偕醫護管理專科學校敏惠醫護管理專科學校樹人醫護管理專科學校育英醫護管理專科學校慈惠醫護管理專科學校國防醫學院中華民國陸軍專科學校臺灣警察專科學校國立清華大學 不分系招生時事#討論    台灣炒房10年，經濟沉淪30年5月29日 09:211.台灣炒房這波房價飆漲大約是從2002~2003開始。買下別人的房，然後再加價轉賣給別人。那為什麼可以賣得掉？因為新買主也是要轉賣給別人。這個遊戲就叫做：「大家互相賣來賣去，看哪個笨蛋接到最後一棒。」造成台灣兩高兩低的奇妙現象。房價高空屋率高房租低薪水低炒房本來就是只能炒房價，租金是炒不起來的。租金這種東西完全跟薪水掛勾，因為台灣經濟緩慢退步，所以薪資跟房租也緩慢下跌。那因為台灣人在玩互相賣來賣去的金錢遊戲，所以房價大漲。這個遊戲本來就不可能永遠玩下去，時間一到就會爆。只是這個遊戲可以玩很久，台灣就這樣玩了10年。只是因為大眾都是健忘的，有些人還真的以為可以玩100年。那這個遊戲可以玩起來的原因就是兩點：利息太低，房屋稅金太低2.我已經買了房，為什麼還要繳房屋稅？如果不繳，房子就會被政府搶走。? 這是什麼爛政府！房屋要繳稅，這因為政府要強迫老百姓不准浪費土地。不管房子有住人沒住人，每年都得繳稅給政府。如果房屋空著不用，就是浪費錢。正確的說，這世界上根本沒有買房這回事，所謂的買房，還是跟政府租房。如果今天土地房屋不抽持有稅，那你就會看見老地主手上壓著一堆土地。不蓋房不住人，圍牆圍起來。死都不賣，也拿他沒辦法。所以每個國家都會對房屋土地抽「持有稅」，就算不賣也要抽。而且這個持有稅一定要跟房價連動，房價漲稅金就漲，房價跌稅金就跌。例如說這樣：買在鄉下的便宜爛地，價錢低，稅金也低。30年後政府在旁邊蓋了捷運站，土地大漲。所以持有稅也大漲。地主繳稅繳到受不了，到最後就會乖乖認命，改建成大樓收租。一口氣又可以多塞幾千人。絕對不會有人敢浪費土地！想浪費土地，就是要花大錢來換。3.台灣也有抽房屋稅啊？問題在那裡？問題在於房屋稅根本不是照實際價格抽。而是用「公告現值」。所謂公告現值就是政府自由心證，說你家多少錢就是多少錢。當然大家都知道，台灣的公告現值「遠低於」市價。而且「沒有」跟市價連動。所以台灣房屋持有稅金全世界最低。一般「推估」每年繳的稅金是房價的0.4%。如果是實價課稅的國家，通常是抽1~2%也因為是用公告現值，所以每次政府徵收土地的時候，永遠會有屋主肉身檔怪手，死都不賣，因為公告現值徵收根本就是超低芭樂價。但是不用怕！因為已經修法了。2012開始政府徵收土地要用市價。從此以後台灣政府是全世界最佛心的政府。徵收你家的時候，就乖乖用1000萬去買，但是你要繳稅的時候，政府就改口你家只值400萬，用這數字下去抽就好。台灣真是全世界最好的政府，我感動到要哭了。4.就算稅金低又怎樣？你這麼喜歡繳稅嗎？稅金太低，就等於鼓勵老百姓浪費土地。建商買了空地，結果拖了10年才蓋房。等於是土地浪費了10年。老爸留給我一塊地，是在台北車站旁邊的黃金地點。然後我蓋了透天厝，結果只住我一人，建商花大錢要買，但是我死都不賣！如果改建成大樓可以塞幾千人，但是我就是死都不賣！我每年都乖乖繳房屋稅，政府也拿我沒轍！這一樣也是浪費土地。公告現值這玩意沒人敢動，你敢動就一定選不上。但是在房價飆漲10年之後，開始有一些老百姓突然變聰明了，要求提高公告現值。政府高興的要死，台北從2010開始提高。未來政府會不會繼續提高，值得觀察。5.炒客口袋深不見底，買房都是現金付清。央行緊縮房貸效果不大。觀念錯誤炒客手上有1000萬，炒客不會去買1000萬的房屋，而是會買5000萬的房屋。因為剩下4000萬可以跟銀行借。等到房價漲可以賺更多！不借才是傻子，槓桿槓桿再槓桿！央行新政策一出，貸款成數下降，自備1000只能買2500。你說有沒有效？以前買10個人頭可以買20間房，現在10個人頭只能買10間房。你說有沒有效？6.奢侈稅效應實施之前，大家都在質疑，奢侈稅不一定有效。因為奢侈稅只抽15%，那我漲價16%賣掉不就結了。接手的新屋主再漲價16%賣掉。這個遊戲還是可以繼續玩下去。結果沒想到炒客大批退場，統統收山不玩。完全出乎意料！那剩下大批的笨蛋散戶手上還屯著空房，照理講半年賣不掉屋主也該死心降價。但是好玩的地方來了！奢侈稅不問賺錢賠錢，兩年內一律要抽。就算屋主賠售還是要繳稅。到最後每個屋主都做出一樣的選擇，就是房子先壓兩年，之後看看情況再說。所以你會看到有行無市的爆笑局面。這個月開1000萬，下個月就自動漲價變1100萬。「但是房屋就是賣兩年賣不掉」7.建商蓋新成屋沒有奢侈稅的問題，那建商降價脫手不就結了觀念錯誤台灣人買房不是自住，而是要加價轉賣給別人。所以建商不能承認房價跌。不降價是17層地獄，但是降價就是18層地獄。就算空屋10年賣不掉，不能降就是不能降。8.買氣極凍之後，仲介應該喊跌，仲介要的是成交量，成交價高低是其次觀念錯誤再跟我複誦一次「台灣人買房不是自住，而是要加價轉賣給別人。」如果房價跌了，你就不會買。明年房價會跌，那我明年再買不就好了。那後年又會繼續跌，我後年買更好。愈跌你愈不買。房價漲的時候是「價量齊楊」，但是跌的時候是「價量齊跌」。等到房價下跌，成交量會變低，不會變多。所以仲介永遠只能喊漲。9.容積率亂象買完土地之後，房屋不可能無止境的往上蓋。因為人不可能24小時永遠躲在房屋裡。政府會看週邊馬路夠不夠寬，附近的學校/公園/警察局/消防局夠不夠用。所以每塊土地都會有容積率的規定。例如說這塊地100坪，建蔽率50%，容積率300%。那就代表有50坪不能蓋東西，要留院子。然後可以蓋到300坪，每一層樓有50坪，所以你家可以蓋到6樓。當然容積率不是問題，問題在於政府發放容積率太浮濫。例如說大廈頂樓有作花園，政府就多給一點容積，建商又可以多蓋幾層。大廈一樓開放給全體市民當作廣場，政府又多給一點容積，建商又可以多蓋幾層。亂發的結果就是居住品質超爛，明明馬路小的要死，旁邊卻有一棟20層大廈。最好笑的是，台北市居然規定容積率可以「轉移」。例如說我在萬華有一塊地可以蓋300坪房屋，但是房屋被政府宣佈成古蹟。我家只蓋了100坪，結果政府說不准改建。那我200坪沒蓋到誰要賠我？所以政府為了補償地主，就宣佈地主的200坪空間可以賣人。要賣也不是問題，而是台北市規定容積可以「遠距離移轉」。例如說萬華的容積可以轉到內湖。建商在內湖的大樓就可以多蓋200坪。那這樣的話，我建議全台灣的容積都移轉到地價最高的信義區。信義區蓋滿1000層以上的超級高樓。然後其他地方全部都是空地，多爽！10.都更亂象台灣二三十年前的公寓都是5層樓以下。因為當年沒有實施容積率法律，你買多少土地就可以蓋到你爽！那為什麼建商只蓋5層，為什麼不蓋100層？因為法律規定6層開始就一定要裝電梯，而且當年台北沒這麼擠，多蓋也賣不掉。所以每家建商偷懶的只蓋5層。二十年過去，容積率法律也實施了。事實上很多土地，容積率可以蓋超過5層的。地主提供土地，然後建商出錢改建成20層大廈。地主分一些房，建商分一些房。大家都有賺。也因為都更因素，舊公寓瞬間變成搶手貨。全新電梯大樓賣1000萬，隔壁30年舊房子沒電梯，結果賣1100萬。原來舊房比新房貴，真是讓我大開眼界！但這有個問題，不是每塊地都可以蓋20層，如果不行怎麼辦？而且法律還有規定建蔽率。強迫兩棟大廈中間要留空地。到最後地主舊房有30坪，但是分到的新房只有20坪。所以很多地主不願意賣。繞了一大圈。地價高的地點變成大樓，因為地比較貴，建商願意讓步。到最後郝龍斌喊出新政策，會適度放寬容積率，讓地主可以一坪換回一坪。加速推動都更。結果口號一喊，都更死的更快，因為每個地主都自動漲價，以前1000萬就賣，現在我要2000萬才賣。11.那如果建商不買怎麼辦？地主不就完了？「明年房價會繼續漲，拖到明年我賺更多」「建商不買是建商笨，我有損失嗎？」「反正房屋稅很低，再拖10年我都跟你玩」當然我們現在都知道，文林苑事件，建商跟市府吃相過於難看，造成都更已死。當初天價買舊房的，現在不知道怎麼辦。所以說郝龍斌是打房的一大功臣，應該頒個獎章給他，哈哈哈哈。12.房價等同60年租金，所以應該租房？? ?奇怪？你租完60年之後，房子會變成你的嗎？那你還不買？觀念錯誤房屋不可能60年不維修。台北5層舊公寓，屋齡「才」20年而已，髒/亂/沒電梯，買個三房兩廳。結果這三房裡面兩房沒窗戶，你住的下去嗎？就是因為這樣，法律才會規定建蔽率，就是要強迫你留一些空地當院子，這樣你房間才能開窗。每個人都把房屋蓋到滿，窗戶是要開在哪裡？就是因為居住品質超爛，所以舊公寓的房租一直偏低，比電梯大樓低很多。好笑的地方在於舊公寓「房價」居然比新房還貴。房屋本來就不可能住到60年，每個20~30年就是要大整修一次。而且住60年，房屋稅就要交60年。住100年就要交100年。就算你留給兒子，你兒子也要繼續交房屋稅。所以買房沒有人抓60年。大多數國家都是抓20年租金。當然台灣稅金偏低，所以你可以多加一點，例如說25年。13.那為什麼有人願意用這種高價買房？因為他沒有要自住，而是要加價轉賣給別人。房價不合理，不重要。租金很低，不重要。房屋舊舊髒髒又沒電梯，不重要。反正只要找到一個智障肯買，所有問題都解決了。14.那為什麼有人願意用這種高價買房「自住」？因為他是智障15.日本炒房日本在1980~1990是炒房的全盛時期。日本人玩法沒有比較高級，跟台灣一樣，就是大家互相賣來賣去。後來1985日本簽署了廣場協議，宣佈放手讓日幣升值。有些人會有一種錯誤觀念，美國大壞蛋強迫日幣升值，導致日本經濟垮台。這完完全全是錯的！甚至連某些教科書都這樣寫 (我建議你把書撕了)。廣場協議不是只有日幣升值，馬克/法郎/英鎊都在升。為什麼只有日本爆炸？真正的關鍵點是日本政府做了太多蠢事。日本當年跟台灣一樣，貨幣刻意貶值，然後賣產品給美國賺錢。當然賣勞力不可能永遠賣下去，貶值也不可能永遠貶下去。所以日本才答應升值，正確的說不是升值，只是恢復原狀。當然大家都知道，工廠會逐漸移出日本，日本一定要轉型。日本政府選擇把利息降到極低。企業容易借到錢，工廠出走潮會比較慢，失業率也比較低。但是老百姓不是借錢開公司，而是選擇借錢買股買房。股價房價雙雙暴漲。買房也不是自住，而是又回到了互相賣來賣去的金錢遊戲。那個時候不是只有一般人買房，連銀行都跳下去買。台灣央行還會下令緊縮房貸。日本不一樣，你不想買，銀行還會打電話給你，拜託你借錢買房。一樣是房價暴漲，房租不動。日本當時還推出40年房貸。原來台灣抄襲人家20年前的點子，真是沒創意。到了1989~1990，日本央行多次升息。也戳破了這個巨大的泡沫。一般是認定1991是反轉點。這次泡沫讓日本倒地20年爬不起來。日本陷入通貨緊縮。老百姓認為，房價只會跌，股價也只會跌，景氣只會變差不會變好，所以不願意花錢。每個人都在存錢。但是因為大家都不花錢，企業做的東西賣不掉，所以只好裁員減薪。因為減薪，所以更不敢花錢，惡性循環。日本政府只能選擇舉債建設，「生」一堆工作給老百姓，大家有工作就敢花錢，結果無效！不管政府怎樣說破嘴，民眾就是死都不花錢。結果政府也沒新招可以用，只能繼續舉債，繼續建設。對日本民眾而言，理財只有兩種。一種是現金擺著。一種就是買債卷。因為股票是高風險不敢買，只敢買債卷，然後日本人又最愛買自己政府的債卷。日本政府每次都是發新債還舊債，但是每次日本老百姓都很捧場，都是瞬間賣完。外國人根本不敢買，只有日本人願意買。真是讓我想不透。日本現在的局面是房價太低，房租太高。但是老百姓就是不買。因為「明年房價跟房租都會一起跌」16.美國炒房由於美國早就實施實價登錄，實價抽稅，照理講房價很難炒。但凡事都有例外。美國金融法規放寬再放寬。到最後連收入不穩，信用差的人都可以借錢買房。因為可以借錢的人變多，房價自然漲。美國佬看到房價漲，又有一堆人跳下買，然後今天買明天就賣。又回到了互相賣來賣去的金錢遊戲。1996~2007房價暴漲了10年。也是政府多次升息，2008正式破滅。美國人炒法真的比較高級。美國佬真的是全世界最卑鄙的國家。一般來講房地產泡沫只有自己死，但是美國人例外。因為美國人把房貸包裝成金融商品，賣給自家美國人，也賣給外國人。整個包裝非常複雜，沒人搞得懂。主要精神就是銀行可以把房貸轉賣給別人。例如說銀行借錢給小明1000萬，利息10%。但如果小明破產，銀行就要自己吞這1000萬的虧損。所以銀行把貸款轉賣給小英，銀行自己抽掉2%，小英拿8%。如果小明破產，那會由小英賠掉1000萬，跟銀行無關。也因為風險可以丟給別人，所以銀行也不會認真審核，隨便什麼窮人都借得到錢。好玩的地方在哪裡？因為房貸已經包裝成「金融商品」，所以就跟股票一樣，是可以「放空」的，你如果有猜到2008的崩盤，你早就發了。17.那小英幹麼買？小英是白痴嗎？因為房價在漲，小明不可能會破產。反正房子賣了就可以還錢給小英。小明自己還大賺一票。18.那為什麼美國銀行業倒掉一堆？不是都轉賣光了？因為他們沒有真的賣光。因為房價在漲，銀行幹麼給小英賺？自己賺不是更好。19.那為什麼台灣銀行業沒倒？因為台灣銀行業根本沒去買。台灣政府對金融業一直秉持著一個原則，不求銀行賺大錢，只求銀行不會倒。美國次貸這種高風險的產品，政府是不讓銀行買的。雖然說銀行自己不買，但是銀行代理國外的金融商品賣(ㄆㄧㄢˋ)給老百姓。?(台灣法規說可以賣，白痴法規......)這就是所謂的「連動債」。18.美國崩盤之後怎麼辦？美國人看到日本的慘狀，所以做了一件教科書說不能做的事。第一步是利息降到0，第二步瘋狂大印鈔。照理講印鈔一定會造成物價飄漲。但問題是美國是全世界最大消費國，如果產品不能買給美國等於自殺。所以一大票國家都跟著印鈔票。等於是通膨苦果不是美國自己吞，而是全世界平均分擔。美國本來可能會衰退20年，現在回頭來看，竟然真的止血成功。美國佬真的很賤。19.日本安倍的貶值救經濟有沒有效？我個人認為無效。只會有短期小漲。然後經濟又會大跌回去。理由很簡單，因為日本人跟美國人「個性」不一樣。日本人很愛存錢，但是美國人最愛花錢。日本儲蓄率本來就比美國高。而且日本不是崩盤之後立刻印鈔，而是慢了20年。民眾已經省吃儉用20年，就算政府說明天經濟會變好，也沒人會信。20.所以說利息太低真是炒房的根源，原來兇手是彭淮南。觀念錯誤低利容易炒房，但不是「一定」。因為台灣經濟疲軟，央行當然不敢升息。升息之後企業倒一大票，一樣很慘。真正的關鍵點是老百姓有沒有在玩「互相賣來賣去」的遊戲。只要有這種情況出現，政府應該立刻用力打下去，叫你不准玩。例如說日本已經維持0利率超過10年，但是日本房價還是照跌。因為日本人現在不玩「互相賣來賣去」的遊戲。就算政府送我錢叫我玩，我還是不玩。我就是要把錢放在銀行不動。最完美的情況是利息維持低檔。但是政府出一堆新政策把房價打下去。但問題是台灣政府自始自終就是鼓勵炒房。21.那這次炒房到底是誰的錯？全體台灣人的錯。既然政府鼓勵炒房，那你為什麼還要投給他？答案很簡單，因為你心中希望房價漲。也就是說，每天在版上喊跌的人其實是少數特例。台灣大多數的人是希望房價漲，只是那些人不上網罷了。台灣大多數的人都希望趁著房價漲，撈一票就跑。「至於爆炸之後會多慘，干我屁事，反正我已經家財萬貫了」「你們這些笨蛋努力工作吧！哈哈！」22.未來台灣怎麼走？台灣儲蓄率接近日本，加上人口老化速度世界第一，加上台灣沒有印鈔大決。印鈔只會走向辛巴威模式，不會走向美國模式。陷入通貨緊縮的機率可以說是99%。(日本：台灣人真是我的好朋友)房價跌/房租跌/股票跌/物價跌但是你的薪水也在跌。房價到最後會跟日本一樣，變成房價太低，房租太高。我是建議可買一間養老用。至於買第二間當包租公，要審慎評估。因為「房租房價明年都會繼續跌」。密切注意政府法令，政府會不會提高房地產稅金？我不知道。但是稅金抽的愈重，房價就跌得愈慘。買房的時候要把未來稅金也算進去，不要買了發覺扛不起。理財要保守，建議還是以低風險的債卷為主，股票少量即可。但是要謹記：「別買台灣國債，別買日本國債。」--無論在什麼遊戲中，只有勇於面對的人才會獲得報酬。遊戲雖然不是人生，但人生卻是遊戲。最糟糕的遊戲平衡度，不親切的NPC，前後矛盾的劇本。但是，能不能享受這個遊戲則在於個人。即使是垃圾遊戲，真正投入的話或許能感受到意外的樂趣，結束時反而會認為這是個名作也說不定。 轉自(PTT)結論:下次立委選舉全民將政黨票投給 時代力量 綠黨 等調高非自住房地稅,4年後房價五折喜歡 72回應 6收藏文章追蹤文章回文共 6 則回應國立屏東大學B15月29日 09:351房地合一稅樓主怎麼看?朝陽科大 建築系B25月29日 10:087這篇還是有些小錯誤，我僅指出我知道錯誤的地方。講到容積率亂象，其實接受基地會有所謂的容積轉移限制，也就是不管你有多少送出基地的容積可以轉移，你最多就是只能轉移一個限度的量，而這個是由你原本基地大小來決定你的基準容積，再依都市計畫法乘上一個係數，這個在都計法都有規定，而且這也是為了提高土地利用效率而增加的。因為除了古蹟之外，還有很多私有土地是被劃設為道路用地或被作為公共空間使用，這也是為了保障財產權與土地有效利用之間的問題，不然道路的私有地主，能把路擋起來不讓你過嗎？被當作公眾使用的空地難道要阻止民眾進入嗎？當然避免無限送出與接受，所以最後透過基準容積的承受比例解決這個問題了，所以並沒有「信義區蓋滿1000層以上的超級高樓。然後其他地方全部都是空地」的問題會發生。最後，我認為容積轉移是為了解決文化保存、都市空間的利用與私有財產之間問題，而提出的合理解決辦法。反而造成比較大的問題是部分土地分區可藉由繳納代金將原本規劃為住宅區改成商業區的問題或是透過土地開發項目將整區的土地分區變更，但那個不是容積轉移問題，而是都市土地規畫及制度的問題。再來第12點提到的，房價等同60年租金為什麼還是有人買房，他不是智障是因為60年後你還是留有土地所有權，所以為什麼老一輩的這麼喜歡透天也不是沒有原因的，最後至少還有土地價值，但怎麼計算才合理這部分我不熟，可能要再多抓個5~10年去計算土地價值的部分吧。當然，最後我也提出我的結論，最大問題其實還是在稅制以及貸款利率，除了提高非自住房地稅之外，提高房貸利率也是有效的打擊投資客的方法，畢竟持有成本（稅及貸款利息）越低，地主與投資客越不怕。因此，提升非自用稅率是用來對付大地主，而提升貸款利息則是用來對付投資客，應該要雙管齊下，或者至少先從投資客下手，不過現在已經背負房貸的人該如何？若升息太兇勢必一堆人放著倒，接著就是銀行呆帳，也因此有人說彭淮南當初降息是兇手，倒也沒錯，不過他也只是兇手「之一」而已，因為最一開始若沒有降息，投資客就不這麼容易入場了。逢甲大學B35月29日 15:242房屋稅是看公告地價還是公告現值？台北市的都市更新真的是被郝先生的空頭支票給毀了，希望廣大市民可以了解，一坪換一坪是不可能的，容獎對都市發展是很不好的！B2 你說的改變土地使用分區，不是規劃的問題，而是制度的問題國立臺灣師範大學B45月29日 15:551最神奇的是   房租店租還是逐年在漲    看看東區朝陽科大 建築系B55月29日 16:171B3  我講規劃問題是指台北市有些土地分區當初規劃時將部分土地分區規劃成商二(三)特...等，可藉由回饋金繳納方式轉為商業分區使用，為何會有這種原本是住宅使用土地變成商業使用土地，這是當初規劃時的問題。而你說的制度問題就是偏向土地開發問題，這部分可能是我沒寫清楚，土地開發的確是制度問題，感謝補充，內文也已更改。國立臺灣師範大學 體育學系B65月29日 18:020這是手機排版還是電腦排版?馬上回應搶第 7 樓...7260服務條款常見問題問題回報徵才商業合作",5月29日 09:21,Dcard,https://www.dcard.tw/f/trending/p/226495281-%EF%BC%83%E8%A8%8E%E8%AB%96----%E5%8F%B0%E7%81%A3%E7%82%92%E6%88%BF10%E5%B9%B4%EF%BC%8C%E7%B6%93%E6%BF%9F%E6%B2%89%E6%B7%AA30%E5%B9%B4
